G0,G1,G2,G3,G4,G5,G6,G7,G8,G9,G10,M0,M1,M2,M3
2025-08-11,,,,,,,,,,,0,0,,0
2025-08-11,Estação Coletora de Gavião Real,Eneva,Estação / Pto de Coleta de Gás Nat.,MA,Santo Antônio dos Lopes,,GAVIÃO REAL,,,,,971.1761992324092,28,6108.5040579320066
2025-08-11,Estação Coletora de Pilar,Origem Alagoas,Estação / Ponto de Coleta de Petróleo,AL,Pilar,,,,,,,590.39934000000017,33,3713.4937687320007
2025-08-11,Estação de Produção e Escoamento de Gavião Branco,Eneva,Estação / Pto de Coleta de Gás Nat.,MA,Lima Campos,,GAVIÃO BRANCO,,,,,4180.0332317839375,13,26291.573021274609
2025-08-11,Estação Produtora de Gavião Preto,Eneva,Estação / Pto de Coleta de Gás Nat.,MA,Bernardo do Mearim,,GAVIÃO PRETO,,,,,2839.6964889836531,12,17861.12297640938
2025-08-11,FPSO ALEXANDRE DE GUSMÃO,Petrobras,FPSO,,,"MERO(27/07/2025), AnC_MERO(27/07/2025)",,,FPADG,ATIVO,25306.241549888444,1641.2902,50,35629.628649848441
2025-08-11,FPSO Almirante Barroso,Petrobras,FPSO,,,BÚZIOS(13/01/2023),,,FPBAR,ATIVO,151413.39247459819,5841.39738,50,188154.61371532222
2025-08-11,FPSO Almirante Tamandaré,Petrobras,FPSO,,,"BÚZIOS(01/07/2024), TAMBUATÁ(31/12/2024), BÚZIOS_ECO(31/12/2024)",,,FPTAM,ATIVO,172566.46010248034,6919.82596,57,216090.78142568836
2025-08-11,FPSO ANITA GARIBALDI,Petrobras,FPSO,,,MARLIM(23/06/2023),,,FPAGA,ATIVO,35980.313604034796,774.30324999999993,71,40850.526185884795
2025-08-11,FPSO ANNA NERY,Petrobras,FPSO,,,MARLIM(29/10/2022),,,FPANE,ATIVO,40465.505488425588,710.6568,67,44935.39462906558
2025-08-11,FPSO ATLANTA,Enauta Energia,FPSO,,,ATLANTA(29/10/2024),,,FPSOATLANTA,ATIVO,41758.499913438005,327.9766,15,43821.407132118
2025-08-11,FPSO Carioca (MV-30),Petrobras,FPSO,,,SÉPIA(02/01/2021),,,FPCRC,ATIVO,154098.17138378517,5696.9427399999995,61,189930.8018298372
2025-08-11,FPSO CIDADE DE ANCHIETA,Petrobras,FPSO,,,"JUBARTE(31/08/2012), BALEIA AZUL(31/08/2012), PIRAMBU(31/08/2012)",,,FCDA,ATIVO,18770.562460187997,854.09800000000018,47,24142.668060588
2025-08-11,FPSO CIDADE DE ANGRA DOS REIS,Petrobras,FPSO,,,TUPI(26/04/2009),,,FPCAR,ATIVO,0,0,49,0
2025-08-11,FPSO Cidade de Campos dos Goytacazes,Petrobras,FPSO,,,TARTARUGA VERDE(31/12/2017),,,FPCGZ,ATIVO,25027.935842863797,286.51327,48,26830.047008509802
2025-08-11,FPSO CIDADE DE CARAGUATATUBA,TotalEnergies EP,FPSO,,,LAPA(30/08/2016),,,FPCCG,ATIVO,41351.066419409995,1616.8413999999998,31,51520.67545713
2025-08-11,FPSO CIDADE DE ILHA BELA,Petrobras,FPSO,,,SAPINHOÁ(10/11/2014),,,FPCIB,ATIVO,63506.820499121983,3094.496,54,82970.581439921982
2025-08-11,FPSO CIDADE DE ITAGUAÍ,Petrobras,FPSO,,,TUPI(31/07/2015),,,FPCIG,ATIVO,105687.06773024399,6655.04605,51,147545.97637553397
2025-08-11,FPSO CIDADE DE ITAJAÍ,Karoon Brasil,FPSO,,,"BAÚNA(25/01/2013), PIRACABA(25/01/2013)",,,FPCI,ATIVO,22072.8503455746,218.59247000000002,27,23447.753263380604
2025-08-11,FPSO CIDADE DE MANGARATIBA,Petrobras,FPSO,,,TUPI(14/10/2014),,,FPCMB,ATIVO,98195.691635975993,5585.59139,47,133327.944360798
2025-08-11,FPSO CIDADE DE MARICÁ,Petrobras,FPSO,,,TUPI(28/01/2016),,,FPCMC,ATIVO,124965.41373247805,5248.4451100000006,51,157977.08378535602
2025-08-11,FPSO CIDADE DE NITEROI,Petrobras,FPSO,,,MARLIM LESTE(12/01/2008),,,FPNT,ATIVO,0,0,49,0
2025-08-11,FPSO CIDADE DE PARATY,Petrobras,FPSO,,,TUPI(28/05/2013),,,FPCP,ATIVO,93933.593722458856,4176.60353,47,120203.59460545288
2025-08-11,FPSO CIDADE DE SANTOS,Petrobras,FPSO,,,"URUGUÁ(14/07/2010), TAMBAÚ(13/11/2014)",,,FPCST,ATIVO,0,0,36,0
2025-08-11,FPSO CIDADE DE SÃO PAULO,Petrobras,FPSO,,,SAPINHOÁ(01/12/2012),,,FPCSP,ATIVO,61352.541393580796,2916.91742,45,79699.3685818968
2025-08-11,FPSO CIDADE DE SAQUAREMA,Petrobras,FPSO,,,TUPI(31/05/2016),,,FPCSQ,ATIVO,103979.37520541999,5759.3103300000012,51,140204.285319054
2025-08-11,FPSO ESPIRITO SANTO,Shell Brasil,FPSO,,,"ABALONE(12/07/2009), OSTRA(26/01/2011), ARGONAUTA(26/01/2011)",,,FPSO ESP SANTO,ATIVO,27554.3432604,377.91200000000009,57,29931.334158000016
2025-08-11,FPSO FRADE,Petro Rio Jaguar,FPSO,,,FRADE(07/06/2009),,,FPSO FRADE,ATIVO,33445.193825999995,333.60900000000004,48,35543.5277142
2025-08-11,FPSO GUANABARA,Petrobras,FPSO,,,MERO(13/05/2021),,,FPGNB,ATIVO,180576.75986915489,11956.795270000002,69,255782.6107584009
2025-08-11,FPSO Marechal  Duque de Caxias,Petrobras,FPSO,,,MERO(28/07/2024),,,FPMDC,ATIVO,0,0,53,0
2025-08-11,FPSO MARIA QUITERIA,Petrobras,FPSO,,,JUBARTE(13/01/2025),,,FPMQT,ATIVO,50001.15963147259,1745.00167,49,60976.871135438589
2025-08-11,FPSO PIONEIRO DE LIBRA,Petrobras,FPSO,,,MERO(31/07/2017),,,FPSOPL,ATIVO,47621.2933920636,3173.9407499999998,39,67584.7459214136
2025-08-11,FPSO SEPETIBA,Petrobras,FPSO,,,MERO(11/04/2023),,,FPSTB,ATIVO,180586.90897260173,12038.024399999997,48,256303.67484372173
2025-08-11,FPSO_OSX3,Prio Bravo,FPSO,,,TUBARÃO MARTELO(03/11/2013),,,OSX3,ATIVO,7159.8687524591078,22.713977515611223,24,7302.7351282367981
2025-08-11,Peregrino A,Equinor Brasil,FIXA,,,PEREGRINO(22/03/2011),,,PEREGRINO A,ATIVO,51834.612907596333,55.949489065982029,25,52186.52400392355
2025-08-11,Peregrino B,Equinor Brasil,FIXA,,,PEREGRINO(22/03/2011),,,PEREGRINO B,ATIVO,5206.6176285021884,3.0852573856021883,22,5226.0232804061479
2025-08-11,PEREGRINO C,Equinor Brasil,FIXA,,,"PEREGRINO(01/10/2021), PITANGOLA(01/10/2021)",,,WHP-C,ATIVO,40939.242294730742,102.45234354841581,18,41583.647045181562
2025-08-11,PEROA,3R Petroleum Off,FIXA,,,PEROÁ(27/01/2011),,,PPER,ATIVO,,2.248,9,14.1394704
2025-08-11,PETROBRAS 08,Trident Energy,SEMI SUBMERSÍVEL,,,MARIMBÁ(21/06/1993),,,P-08,ATIVO,,113.36525999999998,16,713.04481234799982
2025-08-11,PETROBRAS 25,Petrobras,SEMI SUBMERSÍVEL,,,ALBACORA(27/09/1996),,,P-25,ATIVO,0,0,19,0
2025-08-11,PETROBRAS 31,Petrobras,FPSO,,,ALBACORA(17/08/1998),,,P-31,ATIVO,0,0,48,0
2025-08-11,PETROBRAS 40,Petrobras,SEMI SUBMERSÍVEL,,,MARLIM SUL(16/12/2001),,,P-40,ATIVO,36621.970831542894,674.63736,38,40865.304898470888
2025-08-11,PETROBRAS 43,Petrobras,FPSO,,,BARRACUDA(21/12/2004),,,P-43,ATIVO,22875.570017243856,265.85058000000009,65,24547.716995327861
2025-08-11,PETROBRAS 48,Petrobras,FPSO,,,"CARATINGA(28/02/2005), BARRACUDA(01/01/2005)",,,P-48,ATIVO,18910.243210745935,346.71972999999991,57,21091.040968499936
2025-08-11,PETROBRAS 50,Petro Rio Jaguar,FPSO,,,ALBACORA LESTE(21/04/2006),,,P-50,ATIVO,33994.058253275987,1294.2642100000005,62,42134.721281333987
2025-08-11,PETROBRAS 51,Petrobras,SEMI SUBMERSÍVEL,,,MARLIM SUL(24/01/2009),,,P-51,ATIVO,15449.358698098022,431.39208,31,18162.72860288202
2025-08-11,PETROBRAS 52,Petrobras,SEMI SUBMERSÍVEL,,,RONCADOR(23/11/2007),,,P-52,ATIVO,26233.815325026651,496.31956,28,29355.566093514659
2025-08-11,PETROBRAS 53,Petrobras,FPU,,,MARLIM LESTE(30/11/2008),,,P-53,ATIVO,49414.406191243295,809.37122,34,54505.189290799295
2025-08-11,PETROBRAS 54,Petrobras,FPSO,,,RONCADOR(12/12/2007),,,P-54,ATIVO,22897.029749854915,231.21316999999996,54,24351.314346520918
2025-08-11,PETROBRAS 55,Petrobras,SEMI SUBMERSÍVEL,,,RONCADOR(01/01/2014),,,P-55,ATIVO,23505.69361721984,621.78097,20,27416.57156232584
2025-08-11,PETROBRAS 56,Petrobras,SEMI SUBMERSÍVEL,,,MARLIM SUL(01/08/2011),,,P-56,ATIVO,20941.147022514953,514.03612,37,24174.331410090952
2025-08-11,PETROBRAS 57,Petrobras,FPSO,,,JUBARTE(15/12/2010),,,P-57,ATIVO,33670.193117682007,309.76259999999991,53,35618.537919161994
2025-08-11,PETROBRAS 58,Petrobras,FPSO,,,"BALEIA FRANCA(15/02/2014), JUBARTE(02/03/2014), BALEIA AZUL(17/03/2014)",,,P-58,ATIVO,79113.502721963931,2508.4762199999996,44,94891.316450519909
2025-08-11,PETROBRAS 61,3R Petroleum Off,TLWP,,,PAPA-TERRA(31/12/2013),,,P-61,ATIVO,12335.651899113938,74.2609718744925,7,12802.738560010122
2025-08-11,PETROBRAS 62,Petrobras,FPSO,,,RONCADOR(30/04/2014),,,P-62,ATIVO,28772.6580974976,3009.8720000000008,44,47704.151003097613
2025-08-11,PETROBRAS 63,3R Petroleum Off,FPSO,,,PAPA-TERRA(16/11/2013),,,P-63,ATIVO,3744.48617375966,24.61871812550751,38,3899.3329870254765
2025-08-11,Petrobras 66 (P-66),Petrobras,FPSO,,,TUPI(08/02/2016),,,P-66,ATIVO,3069.3769876439992,214.39842000000002,62,4417.90016976
2025-08-11,Petrobras 67 (P-67),Petrobras,FPSO,,,TUPI(25/03/2018),,,P-67,ATIVO,140205.9077075753,6262.99404,51,179598.88762036726
2025-08-11,Petrobras 68,Petrobras,FPSO,,,BERBIGÃO(19/09/2018),,,P-68,ATIVO,142376.8791265671,4126.2121099999995,67,168329.92805604506
2025-08-11,Petrobras 69,Petrobras,FPSO,,,TUPI(15/06/2018),,,P-69,ATIVO,116145.28327472498,5986.54583,47,153799.45923625893
2025-08-11,Petrobras 70,Petrobras,FPSO,,,ATAPU(21/07/2020),,,P-70,ATIVO,153219.21762678729,5374.000219999999,56,187020.60421054324
2025-08-11,PETROBRAS 71,Petrobras,FPSO,,,ITAPU(30/11/2022),,,P-71,ATIVO,159614.06560255706,2786.1105000000002,47,177138.14342545703
2025-08-11,Petrobras 74 (P-74),Petrobras,FPSO,,,BÚZIOS(01/12/2017),,,P-74,ATIVO,129369.6775681236,5750.54589,43,165539.46110704556
2025-08-11,Petrobras 75 (P-75),Petrobras,FPSO,,,BÚZIOS(06/09/2018),,,P-75,ATIVO,119408.53383053669,6468.93304,43,160096.82886552866
2025-08-11,Petrobras 76,Petrobras,FPSO,,,BÚZIOS(20/11/2018),,,P-76,ATIVO,139292.50999344658,6299.7915299999995,64,178916.93875884055
2025-08-11,Petrobras 77,Petrobras,FPSO,,,BÚZIOS(16/02/2019),,,P-77,ATIVO,161043.182741483,6936.3297500000008,43,204671.309603033
2025-08-11,PLATAFORMA DE CARAPEBA-I,Perenco Brasil,FIXA,,,CARAPEBA(31/12/1988),,,PCP-I,ATIVO,13.366217472229819,0.047648645826446484,5,13.665917924749003
2025-08-11,PLATAFORMA DE CARAPEBA-II,Perenco Brasil,FIXA,,,CARAPEBA(31/12/1988),,,PCP-II,ATIVO,2353.6924089414547,7.1553918572377819,3,2398.6983926451089
2025-08-11,PLATAFORMA DE CARAPEBA-III,Perenco Brasil,FIXA,,,CARAPEBA(12/01/1994),,,PCP-III,ATIVO,4003.7308513343219,8.5518692163461747,,4057.5203983312963
2025-08-11,PLATAFORMA DE ENCHOVA,Trident Energy,FIXA,,,"ENCHOVA(20/12/2010), ENCHOVA OESTE(20/12/2010)",,,PCE-1,ATIVO,,214.26937999999996,45,1347.7115463239995
2025-08-11,PLATAFORMA DE GAROUPA,Petrobras,FIXA,,,"GAROUPA(02/01/1979), GAROUPINHA(02/01/1979), VIOLA(02/01/1979)",,,PGP-1,ATIVO,0,,33,0
2025-08-11,PLATAFORMA DE MANATI 1,Petrobras,FIXA,,,MANATI(14/01/2007),,,PMNT,ATIVO,0,1640.91269,7,10321.012637562
2025-08-11,Plataforma de Mexilhão,Petrobras,FIXA,,,MEXILHÃO(19/04/2011),,,PMXL-1,ATIVO,1978.3999817999998,3318.03788,26,22848.194639424
2025-08-11,PLATAFORMA DE NAMORADO-2,Petrobras,FIXA,,,NAMORADO(01/09/1984),,,PNA-2,ATIVO,0,,13,0
2025-08-11,PLATAFORMA DE PAMPO-1,Trident Energy,FIXA,,,PAMPO(01/01/1984),,,PPM-1,ATIVO,6655.624078161959,102.00250999999999,43,7297.1994655599574
2025-08-11,PLATAFORMA DE PARGO-1A,Perenco Brasil,FIXA,,,PARGO(12/01/1988),,,PPG-1A,ATIVO,2137.1517716836174,4.9342913434746265,19,2168.1874773758041
2025-08-11,PLATAFORMA DE VERMELHO-I,Perenco Brasil,FIXA,,,VERMELHO(05/01/1989),,,PVM-1,ATIVO,3498.9055251800419,11.648843943914054,3,3572.1744238184724
2025-08-11,PLATAFORMA DE VERMELHO-II,Perenco Brasil,FIXA,,,VERMELHO(01/01/1989),,,PVM-2,ATIVO,0,0,3,0
2025-08-11,PLATAFORMA DE VERMELHO-III,Perenco Brasil,FIXA,,,VERMELHO(06/01/1989),,,PVM-3,ATIVO,641.001580860335,8.0181949932009164,3,691.4344237285701
2025-08-11,Polo Arara,Petrobras,Estação / Ponto de Coleta de Petróleo,AM,Coari,,,,,,5745.2078013448836,8090.589044052982,158,56633.394770629326
2025-08-11,Polvo A,Prio Bravo,FIXA,,,POLVO(30/07/2007),,,POLVO A,ATIVO,6290.8685475408938,23.487722484388776,5,6438.6016244232032
2025-08-11,Ponto de Coleta Área do IMT-03,Petrobras,Estação / Pto de Coleta de Gás Nat.,AM,Coari,,,,,,708.05413951498417,604.90043439179681,,4512.7568917525077
2025-08-11,Ponto de Coleta Área do LUC-04,Petrobras,Estação / Pto de Coleta de Gás Nat.,AM,Coari,,,,,,1083.5341777927567,1580.1890908095804,,11022.607521166856
2025-08-11,Ponto de Coleta Área do LUC-05,Petrobras,Estação / Pto de Coleta de Gás Nat.,AM,Coari,,,,,,506.1783167264395,756.63944135049246,,5265.2890749327671
2025-08-11,Ponto de Coleta Área do LUC-09,Petrobras,Estação / Pto de Coleta de Gás Nat.,AM,Coari,,,,,,520.470410375186,682.46302201826086,,4813.0263262656435
2025-08-11,Ponto de Coleta Área do LUC-12,Petrobras,Estação / Pto de Coleta de Gás Nat.,AM,Coari,,,,,,1298.7940103298406,1711.8190058083678,,12065.793193063313
2025-08-11,Ponto de Coleta Área do LUC-43,Petrobras,Estação / Pto de Coleta de Gás Nat.,AM,Coari,,,,,,247.13411934290869,321.22800156851849,,2267.5940036085763
2025-08-11,Unidade de Tratamento de Gás de Cacimbas - UTGC,Petrobras,Estação / Pto de Coleta de Gás Nat.,ES,Linhares,,CACIMBAS,,,,,0,26,0
2025-08-11,UTP Azulão,Eneva,Estação / Ponto de Coleta de Petróleo,AM,Silves,,AZULÃO,,,,,648.58066999999994,8,4079.4426981659994
2025-08-10,,,,,,,,,,,0,0,,0
2025-08-10,Estação Coletora de Gavião Real,Eneva,Estação / Pto de Coleta de Gás Nat.,MA,Santo Antônio dos Lopes,,GAVIÃO REAL,,,,,1273.9811200571903,28,8013.0864489357155
2025-08-10,Estação Coletora de Pilar,Origem Alagoas,Estação / Ponto de Coleta de Petróleo,AL,Pilar,,,,,,,586.34471000000019,33,3687.9909569580009
2025-08-10,Estação de Produção e Escoamento de Gavião Branco,Eneva,Estação / Pto de Coleta de Gás Nat.,MA,Lima Campos,,GAVIÃO BRANCO,,,,,3565.4187647143026,13,22425.770946300017
2025-08-10,Estação Produtora de Gavião Preto,Eneva,Estação / Pto de Coleta de Gás Nat.,MA,Bernardo do Mearim,,GAVIÃO PRETO,,,,,2829.5221152285071,12,17797.128200364263
2025-08-10,FPSO ALEXANDRE DE GUSMÃO,Petrobras,FPSO,,,"MERO(27/07/2025), AnC_MERO(27/07/2025)",,,FPADG,ATIVO,44287.699116438271,2907.0559,50,62572.499316258283
2025-08-10,FPSO Almirante Barroso,Petrobras,FPSO,,,BÚZIOS(13/01/2023),,,FPBAR,ATIVO,150015.65531002957,5797.93962,50,186483.53593190559
2025-08-10,FPSO Almirante Tamandaré,Petrobras,FPSO,,,"BÚZIOS(01/07/2024), TAMBUATÁ(31/12/2024), BÚZIOS_ECO(31/12/2024)",,,FPTAM,ATIVO,185701.68208429418,7420.26807,57,232373.68419098016
2025-08-10,FPSO ANITA GARIBALDI,Petrobras,FPSO,,,MARLIM(23/06/2023),,,FPAGA,ATIVO,34399.3113000768,737.51784999999984,71,39038.151073006804
2025-08-10,FPSO ANNA NERY,Petrobras,FPSO,,,MARLIM(29/10/2022),,,FPANE,ATIVO,41721.575934384724,702.09479999999974,67,46137.611807424713
2025-08-10,FPSO ATLANTA,Enauta Energia,FPSO,,,ATLANTA(29/10/2024),,,FPSOATLANTA,ATIVO,41758.9983423492,326.772,15,43814.328867949211
2025-08-10,FPSO Carioca (MV-30),Petrobras,FPSO,,,SÉPIA(02/01/2021),,,FPCRC,ATIVO,158312.61472786174,6020.62106,61,196181.11707104975
2025-08-10,FPSO CIDADE DE ANCHIETA,Petrobras,FPSO,,,"JUBARTE(31/08/2012), BALEIA AZUL(31/08/2012), PIRAMBU(31/08/2012)",,,FCDA,ATIVO,18825.802138083603,851.896,47,24184.0575988836
2025-08-10,FPSO CIDADE DE ANGRA DOS REIS,Petrobras,FPSO,,,TUPI(26/04/2009),,,FPCAR,ATIVO,0,0,49,0
2025-08-10,FPSO Cidade de Campos dos Goytacazes,Petrobras,FPSO,,,TARTARUGA VERDE(31/12/2017),,,FPCGZ,ATIVO,68129.522154803984,777.36279,48,73018.978631345992
2025-08-10,FPSO CIDADE DE CARAGUATATUBA,TotalEnergies EP,FPSO,,,LAPA(30/08/2016),,,FPCCG,ATIVO,38763.6586471134,1534.3992400000002,31,48414.722986865396
2025-08-10,FPSO CIDADE DE ILHA BELA,Petrobras,FPSO,,,SAPINHOÁ(10/11/2014),,,FPCIB,ATIVO,63503.690443049993,3082.8239999999996,54,82894.03683825
2025-08-10,FPSO CIDADE DE ITAGUAÍ,Petrobras,FPSO,,,TUPI(31/07/2015),,,FPCIG,ATIVO,105361.75617966238,6643.0636999999988,51,147145.29823992235
2025-08-10,FPSO CIDADE DE ITAJAÍ,Karoon Brasil,FPSO,,,"BAÚNA(25/01/2013), PIRACABA(25/01/2013)",,,FPCI,ATIVO,21274.9039007274,218.23789000000005,27,22647.5765812494
2025-08-10,FPSO CIDADE DE MANGARATIBA,Petrobras,FPSO,,,TUPI(14/10/2014),,,FPCMB,ATIVO,98298.124532394591,5586.6187199999986,47,133436.83895745061
2025-08-10,FPSO CIDADE DE MARICÁ,Petrobras,FPSO,,,TUPI(28/01/2016),,,FPCMC,ATIVO,126667.03207164597,5301.3836800000008,51,160011.67514210995
2025-08-10,FPSO CIDADE DE NITEROI,Petrobras,FPSO,,,MARLIM LESTE(12/01/2008),,,FPNT,ATIVO,0,0,49,0
2025-08-10,FPSO CIDADE DE PARATY,Petrobras,FPSO,,,TUPI(28/05/2013),,,FPCP,ATIVO,94082.037169325558,4182.9864000000007,47,120392.18502804555
2025-08-10,FPSO CIDADE DE SANTOS,Petrobras,FPSO,,,"URUGUÁ(14/07/2010), TAMBAÚ(13/11/2014)",,,FPCST,ATIVO,0,0,36,0
2025-08-10,FPSO CIDADE DE SÃO PAULO,Petrobras,FPSO,,,SAPINHOÁ(01/12/2012),,,FPCSP,ATIVO,61332.724410051596,2917.0368699999995,45,79680.302914977612
2025-08-10,FPSO CIDADE DE SAQUAREMA,Petrobras,FPSO,,,TUPI(31/05/2016),,,FPCSQ,ATIVO,105495.59565138003,5747.6422,51,141647.11556094003
2025-08-10,FPSO CIDADE DE VITÓRIA,BW Maromba,FPSO,,,GOLFINHO(15/11/2007),,,CVIX,ATIVO,7080.1182415884741,74.59923,47,7549.3324784424731
2025-08-10,FPSO ESPIRITO SANTO,Shell Brasil,FPSO,,,"ABALONE(12/07/2009), OSTRA(26/01/2011), ARGONAUTA(26/01/2011)",,,FPSO ESP SANTO,ATIVO,21165.239897999996,355.18800000000005,57,23399.301380399993
2025-08-10,FPSO FRADE,Petro Rio Jaguar,FPSO,,,FRADE(07/06/2009),,,FPSO FRADE,ATIVO,33603.909129648,334.4,48,35707.218249647995
2025-08-10,FPSO GUANABARA,Petrobras,FPSO,,,MERO(13/05/2021),,,FPGNB,ATIVO,182326.61987426202,11827.587890000003,69,256719.78218478398
2025-08-10,FPSO Marechal  Duque de Caxias,Petrobras,FPSO,,,MERO(28/07/2024),,,FPMDC,ATIVO,127136.79270194158,8253.63441,53,179050.50241395962
2025-08-10,FPSO MARIA QUITERIA,Petrobras,FPSO,,,JUBARTE(13/01/2025),,,FPMQT,ATIVO,50228.13530889713,1757.7218400000004,49,61283.854138129129
2025-08-10,FPSO PIONEIRO DE LIBRA,Petrobras,FPSO,,,MERO(31/07/2017),,,FPSOPL,ATIVO,47991.659138563795,3176.38386,39,67970.478341191789
2025-08-10,FPSO SEPETIBA,Petrobras,FPSO,,,MERO(11/04/2023),,,FPSTB,ATIVO,180770.89226725337,12028.404399999998,48,256427.15026237338
2025-08-10,FPSO_OSX3,Prio Bravo,FPSO,,,TUBARÃO MARTELO(03/11/2013),,,OSX3,ATIVO,7178.1492684228315,22.79789814974189,24,7321.5434882050768
2025-08-10,Peregrino A,Equinor Brasil,FIXA,,,PEREGRINO(22/03/2011),,,PEREGRINO A,ATIVO,51939.278675367037,55.955656128038648,25,52291.228561281183
2025-08-10,Peregrino B,Equinor Brasil,FIXA,,,PEREGRINO(22/03/2011),,,PEREGRINO B,ATIVO,5217.1309631449521,3.0855974597311082,22,5236.5387540471693
2025-08-10,PEREGRINO C,Equinor Brasil,FIXA,,,"PEREGRINO(01/10/2021), PITANGOLA(01/10/2021)",,,WHP-C,ATIVO,41021.907853251789,102.46363641223024,18,41666.383633557438
2025-08-10,PEROA,3R Petroleum Off,FIXA,,,PEROÁ(27/01/2011),,,PPER,ATIVO,,2.248,9,14.1394704
2025-08-10,PETROBRAS 08,Trident Energy,SEMI SUBMERSÍVEL,,,MARIMBÁ(21/06/1993),,,P-08,ATIVO,8612.6510770149762,117.36557999999997,16,9350.857102098973
2025-08-10,PETROBRAS 25,Petrobras,SEMI SUBMERSÍVEL,,,ALBACORA(27/09/1996),,,P-25,ATIVO,0,0,19,0
2025-08-10,PETROBRAS 31,Petrobras,FPSO,,,ALBACORA(17/08/1998),,,P-31,ATIVO,0,0,48,0
2025-08-10,PETROBRAS 40,Petrobras,SEMI SUBMERSÍVEL,,,MARLIM SUL(16/12/2001),,,P-40,ATIVO,36576.683784297238,667.15827000000013,38,40772.975870943243
2025-08-10,PETROBRAS 43,Petrobras,FPSO,,,BARRACUDA(21/12/2004),,,P-43,ATIVO,23767.943586878333,286.81347999999997,65,25571.94301338233
2025-08-10,PETROBRAS 48,Petrobras,FPSO,,,"CARATINGA(28/02/2005), BARRACUDA(01/01/2005)",,,P-48,ATIVO,180306.308221842,332.0561699999999,57,182394.875119908
2025-08-10,PETROBRAS 50,Petro Rio Jaguar,FPSO,,,ALBACORA LESTE(21/04/2006),,,P-50,ATIVO,33984.879170748,1245.5634200000004,62,41819.223969863982
2025-08-10,PETROBRAS 51,Petrobras,SEMI SUBMERSÍVEL,,,MARLIM SUL(24/01/2009),,,P-51,ATIVO,14693.176275029997,404.07097000000016,31,17234.701862135997
2025-08-10,PETROBRAS 52,Petrobras,SEMI SUBMERSÍVEL,,,RONCADOR(23/11/2007),,,P-52,ATIVO,21380.809919112839,235.15254,28,22859.872365204839
2025-08-10,PETROBRAS 53,Petrobras,FPU,,,MARLIM LESTE(30/11/2008),,,P-53,ATIVO,49075.510117881626,797.93139000000008,34,54094.338974703627
2025-08-10,PETROBRAS 54,Petrobras,FPSO,,,RONCADOR(12/12/2007),,,P-54,ATIVO,22559.0296133928,246.58571999999998,54,24110.0044750488
2025-08-10,PETROBRAS 55,Petrobras,SEMI SUBMERSÍVEL,,,RONCADOR(01/01/2014),,,P-55,ATIVO,24980.872459323291,639.67378,20,29004.292600767287
2025-08-10,PETROBRAS 56,Petrobras,SEMI SUBMERSÍVEL,,,MARLIM SUL(01/08/2011),,,P-56,ATIVO,20563.66384204098,510.35204000000004,37,23773.676103232978
2025-08-10,PETROBRAS 57,Petrobras,FPSO,,,JUBARTE(15/12/2010),,,P-57,ATIVO,33702.886806203991,328.75540000000007,53,35770.692521123994
2025-08-10,PETROBRAS 58,Petrobras,FPSO,,,"BALEIA FRANCA(15/02/2014), JUBARTE(02/03/2014), BALEIA AZUL(17/03/2014)",,,P-58,ATIVO,80622.955542888012,2436.7899599999992,44,95949.877033296027
2025-08-10,PETROBRAS 61,3R Petroleum Off,TLWP,,,PAPA-TERRA(31/12/2013),,,P-61,ATIVO,10453.83011239673,74.957110586597125,7,10925.29534656431
2025-08-10,PETROBRAS 62,Petrobras,FPSO,,,RONCADOR(30/04/2014),,,P-62,ATIVO,28064.085471325197,3021.776,44,47070.452156125204
2025-08-10,PETROBRAS 63,3R Petroleum Off,FPSO,,,PAPA-TERRA(16/11/2013),,,P-63,ATIVO,3173.2593168840676,24.849499413402881,38,3329.557698294489
2025-08-10,Petrobras 66 (P-66),Petrobras,FPSO,,,TUPI(08/02/2016),,,P-66,ATIVO,99786.5056563829,5468.64525,62,134183.1905498328
2025-08-10,Petrobras 67 (P-67),Petrobras,FPSO,,,TUPI(25/03/2018),,,P-67,ATIVO,140878.52603869382,6015.0618399999976,51,178712.06199992585
2025-08-10,Petrobras 68,Petrobras,FPSO,,,BERBIGÃO(19/09/2018),,,P-68,ATIVO,143013.98245244077,4183.6952499999989,67,169328.58883589073
2025-08-10,Petrobras 69,Petrobras,FPSO,,,TUPI(15/06/2018),,,P-69,ATIVO,116906.36436497714,6034.2686099999992,47,154860.70706815511
2025-08-10,Petrobras 70,Petrobras,FPSO,,,ATAPU(21/07/2020),,,P-70,ATIVO,153351.03801857491,5381.7259,56,187201.0175843949
2025-08-10,PETROBRAS 71,Petrobras,FPSO,,,ITAPU(30/11/2022),,,P-71,ATIVO,159614.63594043697,2777.7961199999991,47,177086.41797601295
2025-08-10,Petrobras 74 (P-74),Petrobras,FPSO,,,BÚZIOS(01/12/2017),,,P-74,ATIVO,129455.25565574384,5773.3599300000005,43,165768.53494345784
2025-08-10,Petrobras 75 (P-75),Petrobras,FPSO,,,BÚZIOS(06/09/2018),,,P-75,ATIVO,119255.04939211164,6418.0359999999982,43,159623.21222491164
2025-08-10,Petrobras 76,Petrobras,FPSO,,,BÚZIOS(20/11/2018),,,P-76,ATIVO,138734.29194802014,6289.4933599999995,64,178293.94728374816
2025-08-10,Petrobras 77,Petrobras,FPSO,,,BÚZIOS(16/02/2019),,,P-77,ATIVO,160974.56325743123,6982.0064099999981,43,204889.98717504923
2025-08-10,PLATAFORMA DE CARAPEBA-I,Perenco Brasil,FIXA,,,CARAPEBA(31/12/1988),,,PCP-I,ATIVO,0,0,5,0
2025-08-10,PLATAFORMA DE CARAPEBA-II,Perenco Brasil,FIXA,,,CARAPEBA(31/12/1988),,,PCP-II,ATIVO,91.811513858287967,0.620631798157085,3,95.7151637423364
2025-08-10,PLATAFORMA DE CARAPEBA-III,Perenco Brasil,FIXA,,,CARAPEBA(12/01/1994),,,PCP-III,ATIVO,136.41193072727756,0.57113475260675073,,140.00425409422351
2025-08-10,PLATAFORMA DE ENCHOVA,Trident Energy,FIXA,,,"ENCHOVA(20/12/2010), ENCHOVA OESTE(20/12/2010)",,,PCE-1,ATIVO,8996.9453763152287,241.24930999999972,45,10514.355286353226
2025-08-10,PLATAFORMA DE GAROUPA,Petrobras,FIXA,,,"GAROUPA(02/01/1979), GAROUPINHA(02/01/1979), VIOLA(02/01/1979)",,,PGP-1,ATIVO,0,,33,0
2025-08-10,PLATAFORMA DE MANATI 1,Petrobras,FIXA,,,MANATI(14/01/2007),,,PMNT,ATIVO,0,1641.68726,7,10325.884527948
2025-08-10,Plataforma de Mexilhão,Petrobras,FIXA,,,MEXILHÃO(19/04/2011),,,PMXL-1,ATIVO,2068.6460322000003,3318.16079,26,22939.213769141992
2025-08-10,PLATAFORMA DE NAMORADO-2,Petrobras,FIXA,,,NAMORADO(01/09/1984),,,PNA-2,ATIVO,0,,13,0
2025-08-10,PLATAFORMA DE PAMPO-1,Trident Energy,FIXA,,,PAMPO(01/01/1984),,,PPM-1,ATIVO,5442.9917596164,77.84514999999999,43,5932.6221840864
2025-08-10,PLATAFORMA DE PARGO-1A,Perenco Brasil,FIXA,,,PARGO(12/01/1988),,,PPG-1A,ATIVO,1275.5106839621656,7.10711565948753,19,1320.2130200372105
2025-08-10,PLATAFORMA DE VERMELHO-I,Perenco Brasil,FIXA,,,VERMELHO(05/01/1989),,,PVM-1,ATIVO,2655.9220346307488,19.579637856512196,3,2779.0740408206389
2025-08-10,PLATAFORMA DE VERMELHO-II,Perenco Brasil,FIXA,,,VERMELHO(01/01/1989),,,PVM-2,ATIVO,0,0,3,0
2025-08-10,PLATAFORMA DE VERMELHO-III,Perenco Brasil,FIXA,,,VERMELHO(06/01/1989),,,PVM-3,ATIVO,604.41317987526179,16.423719933236427,3,707.715093511332
2025-08-10,Polo Arara,Petrobras,Estação / Ponto de Coleta de Petróleo,AM,Coari,,,,,,5777.3101035702894,8146.7098606732334,158,57018.485785232784
2025-08-10,Polvo A,Prio Bravo,FIXA,,,POLVO(30/07/2007),,,POLVO A,ATIVO,6306.9303395771685,23.574501850258113,5,6455.2092413149239
2025-08-10,Ponto de Coleta Área do IMT-03,Petrobras,Estação / Pto de Coleta de Gás Nat.,AM,Coari,,,,,,681.05406239700483,591.52639175728768,,4401.6367612719923
2025-08-10,Ponto de Coleta Área do LUC-04,Petrobras,Estação / Pto de Coleta de Gás Nat.,AM,Coari,,,,,,1101.3746428910681,1612.6571350553268,,11244.665490962061
2025-08-10,Ponto de Coleta Área do LUC-05,Petrobras,Estação / Pto de Coleta de Gás Nat.,AM,Coari,,,,,,510.35058939310443,752.86565826508411,,5245.72500674883
2025-08-10,Ponto de Coleta Área do LUC-09,Petrobras,Estação / Pto de Coleta de Gás Nat.,AM,Coari,,,,,,516.21668812176074,687.980879213439,,4843.4788221984491
2025-08-10,Ponto de Coleta Área do LUC-12,Petrobras,Estação / Pto de Coleta de Gás Nat.,AM,Coari,,,,,,1232.6808102234397,1669.4620348861774,,11733.263117250519
2025-08-10,Ponto de Coleta Área do LUC-43,Petrobras,Estação / Pto de Coleta de Gás Nat.,AM,Coari,,,,,,229.9510701633298,303.04713014945492,,2136.0569093773711
2025-08-10,Unidade de Tratamento de Gás de Cacimbas - UTGC,Petrobras,Estação / Pto de Coleta de Gás Nat.,ES,Linhares,,CACIMBAS,,,,,0,26,0
2025-08-10,UTP Azulão,Eneva,Estação / Ponto de Coleta de Petróleo,AM,Silves,,AZULÃO,,,,,640.58532,8,4029.153545736
2025-08-09,,,,,,,,,,,0,0,,0
2025-08-09,Estação Coletora de Gavião Real,Eneva,Estação / Pto de Coleta de Gás Nat.,MA,Santo Antônio dos Lopes,,GAVIÃO REAL,,,,,1353.5247737736972,28,8513.4001220818
2025-08-09,Estação Coletora de Pilar,Origem Alagoas,Estação / Ponto de Coleta de Petróleo,AL,Pilar,,,,,,,589.63839000000019,33,3708.7075454220007
2025-08-09,Estação de Produção e Escoamento de Gavião Branco,Eneva,Estação / Pto de Coleta de Gás Nat.,MA,Lima Campos,,GAVIÃO BRANCO,,,,,3372.19967659473,13,21210.461525845531
2025-08-09,Estação Produtora de Gavião Preto,Eneva,Estação / Pto de Coleta de Gás Nat.,MA,Bernardo do Mearim,,GAVIÃO PRETO,,,,,3065.6360696315728,12,19282.237750768665
2025-08-09,FPSO ALEXANDRE DE GUSMÃO,Petrobras,FPSO,,,"MERO(27/07/2025), AnC_MERO(27/07/2025)",,,FPADG,ATIVO,44278.936404449036,2911.0744000000004,50,62589.012165569038
2025-08-09,FPSO Almirante Barroso,Petrobras,FPSO,,,BÚZIOS(13/01/2023),,,FPBAR,ATIVO,151116.33824140881,5842.76848,50,187866.18342691284
2025-08-09,FPSO Almirante Tamandaré,Petrobras,FPSO,,,"BÚZIOS(01/07/2024), TAMBUATÁ(31/12/2024), BÚZIOS_ECO(31/12/2024)",,,FPTAM,ATIVO,186021.65559675681,7405.0021900000011,57,232597.63837141887
2025-08-09,FPSO ANITA GARIBALDI,Petrobras,FPSO,,,MARLIM(23/06/2023),,,FPAGA,ATIVO,34585.06681873319,744.75650999999993,71,39269.436315331186
2025-08-09,FPSO ANNA NERY,Petrobras,FPSO,,,MARLIM(29/10/2022),,,FPANE,ATIVO,41236.912338541915,711.43149999999969,67,45711.674187241915
2025-08-09,FPSO ATLANTA,Enauta Energia,FPSO,,,ATLANTA(29/10/2024),,,FPSOATLANTA,ATIVO,42130.2095071572,332.18480000000005,15,44219.5854621972
2025-08-09,FPSO Carioca (MV-30),Petrobras,FPSO,,,SÉPIA(02/01/2021),,,FPCRC,ATIVO,158878.53827106883,6020.59127,61,196746.85324111485
2025-08-09,FPSO CIDADE DE ANCHIETA,Petrobras,FPSO,,,"JUBARTE(31/08/2012), BALEIA AZUL(31/08/2012), PIRAMBU(31/08/2012)",,,FCDA,ATIVO,18616.273037208,852.99,47,23981.409539207998
2025-08-09,FPSO CIDADE DE ANGRA DOS REIS,Petrobras,FPSO,,,TUPI(26/04/2009),,,FPCAR,ATIVO,0,0,49,0
2025-08-09,FPSO Cidade de Campos dos Goytacazes,Petrobras,FPSO,,,TARTARUGA VERDE(31/12/2017),,,FPCGZ,ATIVO,67517.416486852177,698.95716999999979,48,71913.7172947182
2025-08-09,FPSO CIDADE DE CARAGUATATUBA,TotalEnergies EP,FPSO,,,LAPA(30/08/2016),,,FPCCG,ATIVO,41285.45838360241,1587.53364,31,51270.727472474406
2025-08-09,FPSO CIDADE DE ILHA BELA,Petrobras,FPSO,,,SAPINHOÁ(10/11/2014),,,FPCIB,ATIVO,64726.130370000006,3025.034,54,83752.989223200013
2025-08-09,FPSO CIDADE DE ITAGUAÍ,Petrobras,FPSO,,,TUPI(31/07/2015),,,FPCIG,ATIVO,106146.26266792679,6666.77985,51,148078.97456845679
2025-08-09,FPSO CIDADE DE ITAJAÍ,Karoon Brasil,FPSO,,,"BAÚNA(25/01/2013), PIRACABA(25/01/2013)",,,FPCI,ATIVO,24966.304363281593,364.78567999999996,27,27260.733333345594
2025-08-09,FPSO CIDADE DE MANGARATIBA,Petrobras,FPSO,,,TUPI(14/10/2014),,,FPCMB,ATIVO,98765.877554361592,5603.36535,47,134009.92493279156
2025-08-09,FPSO CIDADE DE MARICÁ,Petrobras,FPSO,,,TUPI(28/01/2016),,,FPCMC,ATIVO,126128.721991668,5299.343640000001,51,159460.53361854
2025-08-09,FPSO CIDADE DE NITEROI,Petrobras,FPSO,,,MARLIM LESTE(12/01/2008),,,FPNT,ATIVO,0,0,49,0
2025-08-09,FPSO CIDADE DE PARATY,Petrobras,FPSO,,,TUPI(28/05/2013),,,FPCP,ATIVO,93277.742754646824,4186.29409,47,119608.69532192878
2025-08-09,FPSO CIDADE DE SANTOS,Petrobras,FPSO,,,"URUGUÁ(14/07/2010), TAMBAÚ(13/11/2014)",,,FPCST,ATIVO,0,0,36,0
2025-08-09,FPSO CIDADE DE SÃO PAULO,Petrobras,FPSO,,,SAPINHOÁ(01/12/2012),,,FPCSP,ATIVO,61399.3577901858,2939.37721,45,79887.4525656438
2025-08-09,FPSO CIDADE DE SAQUAREMA,Petrobras,FPSO,,,TUPI(31/05/2016),,,FPCSQ,ATIVO,105066.463322271,5758.7159699999993,51,141287.63503037702
2025-08-09,FPSO CIDADE DE VITÓRIA,BW Maromba,FPSO,,,GOLFINHO(15/11/2007),,,CVIX,ATIVO,7126.141195981334,74.687009999999987,47,7595.9075514793349
2025-08-09,FPSO ESPIRITO SANTO,Shell Brasil,FPSO,,,"ABALONE(12/07/2009), OSTRA(26/01/2011), ARGONAUTA(26/01/2011)",,,FPSO ESP SANTO,ATIVO,19494.329368799998,332.793,57,21587.5307802
2025-08-09,FPSO FRADE,Petro Rio Jaguar,FPSO,,,FRADE(07/06/2009),,,FPSO FRADE,ATIVO,33842.97178515,334.007,48,35943.80901375
2025-08-09,FPSO GUANABARA,Petrobras,FPSO,,,MERO(13/05/2021),,,FPGNB,ATIVO,171987.8455002119,11235.260189999999,69,242655.38504327385
2025-08-09,FPSO Marechal  Duque de Caxias,Petrobras,FPSO,,,MERO(28/07/2024),,,FPMDC,ATIVO,180312.51005073675,11636.077979999996,53,253501.11332934073
2025-08-09,FPSO MARIA QUITERIA,Petrobras,FPSO,,,JUBARTE(13/01/2025),,,FPMQT,ATIVO,50185.1262126664,1764.6756799999996,49,61284.583304730404
2025-08-09,FPSO PIONEIRO DE LIBRA,Petrobras,FPSO,,,MERO(31/07/2017),,,FPSOPL,ATIVO,48241.740963873584,3174.89672,39,68211.206353329588
2025-08-09,FPSO SEPETIBA,Petrobras,FPSO,,,MERO(11/04/2023),,,FPSTB,ATIVO,180509.22473296168,12003.8541,48,256011.0662511418
2025-08-09,FPSO_OSX3,Prio Bravo,FPSO,,,TUBARÃO MARTELO(03/11/2013),,,OSX3,ATIVO,6983.6927909185879,23.449106538549625,24,7131.1829812247588
2025-08-09,Peregrino A,Equinor Brasil,FIXA,,,PEREGRINO(22/03/2011),,,PEREGRINO A,ATIVO,44737.248185154291,45.233116986558294,25,45021.755444376351
2025-08-09,Peregrino B,Equinor Brasil,FIXA,,,PEREGRINO(22/03/2011),,,PEREGRINO B,ATIVO,4493.71051476235,2.4943178317858559,22,4509.3992750607176
2025-08-09,PEREGRINO C,Equinor Brasil,FIXA,,,"PEREGRINO(01/10/2021), PITANGOLA(01/10/2021)",,,WHP-C,ATIVO,35333.707349498283,82.828975181655863,18,35854.685037595853
2025-08-09,PEROA,3R Petroleum Off,FIXA,,,PEROÁ(27/01/2011),,,PPER,ATIVO,,2.248,9,14.1394704
2025-08-09,PETROBRAS 08,Trident Energy,SEMI SUBMERSÍVEL,,,MARIMBÁ(21/06/1993),,,P-08,ATIVO,9202.1963896934121,220.64353,16,10590.000064687412
2025-08-09,PETROBRAS 25,Petrobras,SEMI SUBMERSÍVEL,,,ALBACORA(27/09/1996),,,P-25,ATIVO,0,0,19,0
2025-08-09,PETROBRAS 31,Petrobras,FPSO,,,ALBACORA(17/08/1998),,,P-31,ATIVO,0,0,48,0
2025-08-09,PETROBRAS 40,Petrobras,SEMI SUBMERSÍVEL,,,MARLIM SUL(16/12/2001),,,P-40,ATIVO,36757.316611547729,665.91655,38,40945.79852773773
2025-08-09,PETROBRAS 43,Petrobras,FPSO,,,BARRACUDA(21/12/2004),,,P-43,ATIVO,23448.27407769,288.08984999999996,65,25260.301616219997
2025-08-09,PETROBRAS 48,Petrobras,FPSO,,,"CARATINGA(28/02/2005), BARRACUDA(01/01/2005)",,,P-48,ATIVO,164472.279154194,346.47998,57,166651.568932398
2025-08-09,PETROBRAS 50,Petro Rio Jaguar,FPSO,,,ALBACORA LESTE(21/04/2006),,,P-50,ATIVO,33901.360250141995,1276.6904200000004,62,41931.487653858
2025-08-09,PETROBRAS 51,Petrobras,SEMI SUBMERSÍVEL,,,MARLIM SUL(24/01/2009),,,P-51,ATIVO,11893.469241851997,249.54717000000011,31,13463.071031718
2025-08-09,PETROBRAS 52,Petrobras,SEMI SUBMERSÍVEL,,,RONCADOR(23/11/2007),,,P-52,ATIVO,16557.422362139998,208.78633000000002,28,17870.646620574003
2025-08-09,PETROBRAS 53,Petrobras,FPU,,,MARLIM LESTE(30/11/2008),,,P-53,ATIVO,47705.054686401621,763.39021999999989,34,52506.626492157615
2025-08-09,PETROBRAS 54,Petrobras,FPSO,,,RONCADOR(12/12/2007),,,P-54,ATIVO,24921.448075919998,180.47930000000002,54,26056.626777060002
2025-08-09,PETROBRAS 55,Petrobras,SEMI SUBMERSÍVEL,,,RONCADOR(01/01/2014),,,P-55,ATIVO,24437.418943235512,635.1531500000001,20,28432.405226105515
2025-08-09,PETROBRAS 56,Petrobras,SEMI SUBMERSÍVEL,,,MARLIM SUL(01/08/2011),,,P-56,ATIVO,21769.061201183995,505.0534,37,24945.746076503994
2025-08-09,PETROBRAS 57,Petrobras,FPSO,,,JUBARTE(15/12/2010),,,P-57,ATIVO,31824.878448,310.16819999999996,53,33775.774392360006
2025-08-09,PETROBRAS 58,Petrobras,FPSO,,,"BALEIA FRANCA(15/02/2014), JUBARTE(02/03/2014), BALEIA AZUL(17/03/2014)",,,P-58,ATIVO,84151.469170052456,2415.4000699999992,44,99343.852530338452
2025-08-09,PETROBRAS 61,3R Petroleum Off,TLWP,,,PAPA-TERRA(31/12/2013),,,P-61,ATIVO,8169.5163011478371,59.198572027268028,7,8541.8634794849477
2025-08-09,PETROBRAS 62,Petrobras,FPSO,,,RONCADOR(30/04/2014),,,P-62,ATIVO,26145.4115685444,2449.0820000000012,44,41549.6475321444
2025-08-09,PETROBRAS 63,3R Petroleum Off,FPSO,,,PAPA-TERRA(16/11/2013),,,P-63,ATIVO,2479.8560372921625,19.625287972731972,38,2603.295173583052
2025-08-09,Petrobras 66 (P-66),Petrobras,FPSO,,,TUPI(08/02/2016),,,P-66,ATIVO,102112.69987920114,5669.5445500000014,62,137773.0011897911
2025-08-09,Petrobras 67 (P-67),Petrobras,FPSO,,,TUPI(25/03/2018),,,P-67,ATIVO,142324.6074751681,6068.2973499999989,51,180492.98414719812
2025-08-09,Petrobras 68,Petrobras,FPSO,,,BERBIGÃO(19/09/2018),,,P-68,ATIVO,111527.96074393432,3294.61507,67,132250.43061122033
2025-08-09,Petrobras 69,Petrobras,FPSO,,,TUPI(15/06/2018),,,P-69,ATIVO,105251.971572473,5041.2800799999995,47,136960.61501965695
2025-08-09,Petrobras 70,Petrobras,FPSO,,,ATAPU(21/07/2020),,,P-70,ATIVO,147259.55614075763,5128.4174799999982,56,179516.27640646166
2025-08-09,PETROBRAS 71,Petrobras,FPSO,,,ITAPU(30/11/2022),,,P-71,ATIVO,159433.71284743285,2759.0075199999992,47,176787.31834672883
2025-08-09,Petrobras 74 (P-74),Petrobras,FPSO,,,BÚZIOS(01/12/2017),,,P-74,ATIVO,129409.0952155627,5731.89875,43,165461.59197331272
2025-08-09,Petrobras 75 (P-75),Petrobras,FPSO,,,BÚZIOS(06/09/2018),,,P-75,ATIVO,118867.3185163431,6406.6092900000012,43,159163.60962858511
2025-08-09,Petrobras 76,Petrobras,FPSO,,,BÚZIOS(20/11/2018),,,P-76,ATIVO,135052.67779892223,6241.2674099999995,64,174309.00155434021
2025-08-09,Petrobras 77,Petrobras,FPSO,,,BÚZIOS(16/02/2019),,,P-77,ATIVO,161106.19469988445,6941.47588,43,204766.68968990841
2025-08-09,PLATAFORMA DE CARAPEBA-I,Perenco Brasil,FIXA,,,CARAPEBA(31/12/1988),,,PCP-I,ATIVO,126.77424846140896,0.53031358192343614,5,130.109814828991
2025-08-09,PLATAFORMA DE CARAPEBA-II,Perenco Brasil,FIXA,,,CARAPEBA(31/12/1988),,,PCP-II,ATIVO,1272.4044407930362,3.9436492314296925,3,1297.2092057288826
2025-08-09,PLATAFORMA DE CARAPEBA-III,Perenco Brasil,FIXA,,,CARAPEBA(12/01/1994),,,PCP-III,ATIVO,2181.6860655536252,6.112566076344601,,2220.1328836606176
2025-08-09,PLATAFORMA DE CHERNE-1,Perenco Brasil,FIXA,,,"CONGRO(19/08/1983), CORVINA(19/08/1983), MALHADO(19/08/1983), ANEQUIM(07/05/1984), BAGRE(07/05/1984), CHERNE(07/05/1984), PARATI(07/05/1984)",,,PCH-I,ATIVO,,0,13,0
2025-08-09,PLATAFORMA DE CHERNE-2,Perenco Brasil,FIXA,,,CHERNE(13/12/1983),,,PCH-II,ATIVO,0,0,13,0
2025-08-09,PLATAFORMA DE ENCHOVA,Trident Energy,FIXA,,,"ENCHOVA(20/12/2010), ENCHOVA OESTE(20/12/2010)",,,PCE-1,ATIVO,6100.1821501593859,222.89331000000016,45,7502.1364913973866
2025-08-09,PLATAFORMA DE GAROUPA,Petrobras,FIXA,,,"GAROUPA(02/01/1979), GAROUPINHA(02/01/1979), VIOLA(02/01/1979)",,,PGP-1,ATIVO,0,,33,0
2025-08-09,PLATAFORMA DE MANATI 1,Petrobras,FIXA,,,MANATI(14/01/2007),,,PMNT,ATIVO,0,1650.4245600000004,7,10380.840397488002
2025-08-09,Plataforma de Mexilhão,Petrobras,FIXA,,,MEXILHÃO(19/04/2011),,,PMXL-1,ATIVO,2006.0562323999998,3334.01237,26,22976.327237226
2025-08-09,PLATAFORMA DE NAMORADO-2,Petrobras,FIXA,,,NAMORADO(01/09/1984),,,PNA-2,ATIVO,0,,13,0
2025-08-09,PLATAFORMA DE PAMPO-1,Trident Energy,FIXA,,,PAMPO(01/01/1984),,,PPM-1,ATIVO,4069.84534268004,46.38927,43,4361.62457312604
2025-08-09,PLATAFORMA DE PARGO-1A,Perenco Brasil,FIXA,,,PARGO(12/01/1988),,,PPG-1A,ATIVO,3346.0074527386714,11.466978628783634,19,3418.1324549179953
2025-08-09,PLATAFORMA DE VERMELHO-I,Perenco Brasil,FIXA,,,VERMELHO(05/01/1989),,,PVM-1,ATIVO,6939.3287783074047,29.768803791674593,3,7126.56860039628
2025-08-09,PLATAFORMA DE VERMELHO-II,Perenco Brasil,FIXA,,,VERMELHO(01/01/1989),,,PVM-2,ATIVO,0,0,3,0
2025-08-09,PLATAFORMA DE VERMELHO-III,Perenco Brasil,FIXA,,,VERMELHO(06/01/1989),,,PVM-3,ATIVO,1579.1961203709861,24.97055868984404,3,1736.2559404183671
2025-08-09,Polo Arara,Petrobras,Estação / Ponto de Coleta de Petróleo,AM,Coari,,,,,,5771.5935865116917,8134.4560073536859,158,56935.694981564891
2025-08-09,Polvo A,Prio Bravo,FIXA,,,POLVO(30/07/2007),,,POLVO A,ATIVO,6136.075233081413,24.247893461450371,5,6288.5896333752426
2025-08-09,Ponto de Coleta Área do IMT-03,Petrobras,Estação / Pto de Coleta de Gás Nat.,AM,Coari,,,,,,666.04554206224077,576.93093644996748,,4294.8257461452467
2025-08-09,Ponto de Coleta Área do LUC-04,Petrobras,Estação / Pto de Coleta de Gás Nat.,AM,Coari,,,,,,1109.8338199802615,1590.5997058151918,,11114.387849616654
2025-08-09,Ponto de Coleta Área do LUC-05,Petrobras,Estação / Pto de Coleta de Gás Nat.,AM,Coari,,,,,,515.533471169172,755.59230933613367,,5268.0579784315851
2025-08-09,Ponto de Coleta Área do LUC-09,Petrobras,Estação / Pto de Coleta de Gás Nat.,AM,Coari,,,,,,499.53415654668044,655.9395054639981,,4625.2624580141355
2025-08-09,Ponto de Coleta Área do LUC-12,Petrobras,Estação / Pto de Coleta de Gás Nat.,AM,Coari,,,,,,1259.3551119170718,1676.2851304592953,,11802.853325479946
2025-08-09,Ponto de Coleta Área do LUC-43,Petrobras,Estação / Pto de Coleta de Gás Nat.,AM,Coari,,,,,,223.99040471488163,293.28236512172793,,2068.677824857526
2025-08-09,Unidade de Tratamento de Gás de Cacimbas - UTGC,Petrobras,Estação / Pto de Coleta de Gás Nat.,ES,Linhares,,CACIMBAS,,,,,0,26,0
2025-08-09,UTP Azulão,Eneva,Estação / Ponto de Coleta de Petróleo,AM,Silves,,AZULÃO,,,,,637.10112,8,4007.238624576
2025-08-08,,,,,,,,,,,0,0,,0
2025-08-08,Estação Coletora de Gavião Real,Eneva,Estação / Pto de Coleta de Gás Nat.,MA,Santo Antônio dos Lopes,,GAVIÃO REAL,,,,,1379.8811525631043,28,8679.1764733914133
2025-08-08,Estação Coletora de Pilar,Origem Alagoas,Estação / Ponto de Coleta de Petróleo,AL,Pilar,,,,,,,601.06314999999984,33,3780.5670008699985
2025-08-08,Estação de Produção e Escoamento de Gavião Branco,Eneva,Estação / Pto de Coleta de Gás Nat.,MA,Lima Campos,,GAVIÃO BRANCO,,,,,3561.7730866448587,13,22402.840360378832
2025-08-08,Estação Produtora de Gavião Preto,Eneva,Estação / Pto de Coleta de Gás Nat.,MA,Bernardo do Mearim,,GAVIÃO PRETO,,,,,3335.6578707920353,12,20980.620875707744
2025-08-08,FPSO ALEXANDRE DE GUSMÃO,Petrobras,FPSO,,,"MERO(27/07/2025), AnC_MERO(27/07/2025)",,,FPADG,ATIVO,44293.479954005306,2907.6897999999997,50,62582.267258045285
2025-08-08,FPSO Almirante Barroso,Petrobras,FPSO,,,BÚZIOS(13/01/2023),,,FPBAR,ATIVO,151563.59225562337,5895.27886,50,188643.7172292514
2025-08-08,FPSO Almirante Tamandaré,Petrobras,FPSO,,,"BÚZIOS(01/07/2024), TAMBUATÁ(31/12/2024), BÚZIOS_ECO(31/12/2024)",,,FPTAM,ATIVO,186121.96128685348,7398.23092,57,232655.35412746947
2025-08-08,FPSO ANITA GARIBALDI,Petrobras,FPSO,,,MARLIM(23/06/2023),,,FPAGA,ATIVO,34301.049742409996,718.87743,71,38822.645001624
2025-08-08,FPSO ANNA NERY,Petrobras,FPSO,,,MARLIM(29/10/2022),,,FPANE,ATIVO,41011.0403503185,707.70629999999994,67,45462.3714360585
2025-08-08,FPSO ATLANTA,Enauta Energia,FPSO,,,ATLANTA(29/10/2024),,,FPSOATLANTA,ATIVO,42364.900537805996,335.38370000000003,15,44474.396934066
2025-08-08,FPSO Carioca (MV-30),Petrobras,FPSO,,,SÉPIA(02/01/2021),,,FPCRC,ATIVO,158426.23964055971,6018.2158199999985,61,196279.61350519568
2025-08-08,FPSO CIDADE DE ANCHIETA,Petrobras,FPSO,,,"JUBARTE(31/08/2012), BALEIA AZUL(31/08/2012), PIRAMBU(31/08/2012)",,,FCDA,ATIVO,18876.774029434197,852.258,47,24237.306397834196
2025-08-08,FPSO CIDADE DE ANGRA DOS REIS,Petrobras,FPSO,,,TUPI(26/04/2009),,,FPCAR,ATIVO,0,0,49,0
2025-08-08,FPSO Cidade de Campos dos Goytacazes,Petrobras,FPSO,,,TARTARUGA VERDE(31/12/2017),,,FPCGZ,ATIVO,68555.397292113586,707.85629999999981,48,73007.671847853591
2025-08-08,FPSO CIDADE DE CARAGUATATUBA,TotalEnergies EP,FPSO,,,LAPA(30/08/2016),,,FPCCG,ATIVO,41502.09395211,1598.30904,31,51555.138151902
2025-08-08,FPSO CIDADE DE ILHA BELA,Petrobras,FPSO,,,SAPINHOÁ(10/11/2014),,,FPCIB,ATIVO,63432.898555355991,3073.7580000000007,54,82766.221623755991
2025-08-08,FPSO CIDADE DE ITAGUAÍ,Petrobras,FPSO,,,TUPI(31/07/2015),,,FPCIG,ATIVO,105921.12198154075,6674.49452,51,147902.35761343676
2025-08-08,FPSO CIDADE DE ITAJAÍ,Karoon Brasil,FPSO,,,"BAÚNA(25/01/2013), PIRACABA(25/01/2013)",,,FPCI,ATIVO,25921.0686552312,394.08551,27,28399.787696029205
2025-08-08,FPSO CIDADE DE MANGARATIBA,Petrobras,FPSO,,,TUPI(14/10/2014),,,FPCMB,ATIVO,98299.187401667979,5633.28981,47,133731.45364860602
2025-08-08,FPSO CIDADE DE MARICÁ,Petrobras,FPSO,,,TUPI(28/01/2016),,,FPCMC,ATIVO,125880.91292898,5279.45957,51,159087.65773236603
2025-08-08,FPSO CIDADE DE NITEROI,Petrobras,FPSO,,,MARLIM LESTE(12/01/2008),,,FPNT,ATIVO,0,0,49,0
2025-08-08,FPSO CIDADE DE PARATY,Petrobras,FPSO,,,TUPI(28/05/2013),,,FPCP,ATIVO,93626.206489801538,4190.05934,47,119980.84172653349
2025-08-08,FPSO CIDADE DE SANTOS,Petrobras,FPSO,,,"URUGUÁ(14/07/2010), TAMBAÚ(13/11/2014)",,,FPCST,ATIVO,0,0,36,0
2025-08-08,FPSO CIDADE DE SÃO PAULO,Petrobras,FPSO,,,SAPINHOÁ(01/12/2012),,,FPCSP,ATIVO,61418.685773214,2913.73423,45,79745.491333068
2025-08-08,FPSO CIDADE DE SAQUAREMA,Petrobras,FPSO,,,TUPI(31/05/2016),,,FPCSQ,ATIVO,104141.44867731658,5742.4550899999995,51,140260.34270239857
2025-08-08,FPSO CIDADE DE VITÓRIA,BW Maromba,FPSO,,,GOLFINHO(15/11/2007),,,CVIX,ATIVO,7187.06375897965,74.896079999999984,47,7658.14512296365
2025-08-08,FPSO ESPIRITO SANTO,Shell Brasil,FPSO,,,"ABALONE(12/07/2009), OSTRA(26/01/2011), ARGONAUTA(26/01/2011)",,,FPSO ESP SANTO,ATIVO,27423.276407999987,416.029,57,30040.015612199997
2025-08-08,FPSO FRADE,Petro Rio Jaguar,FPSO,,,FRADE(07/06/2009),,,FPSO FRADE,ATIVO,33395.875189709994,332.77699999999993,48,35488.97596431
2025-08-08,FPSO GUANABARA,Petrobras,FPSO,,,MERO(13/05/2021),,,FPGNB,ATIVO,171033.67462905412,11237.691119999998,69,241716.50423563004
2025-08-08,FPSO Marechal  Duque de Caxias,Petrobras,FPSO,,,MERO(28/07/2024),,,FPMDC,ATIVO,180422.47520813212,11662.571360000002,53,253777.71654826013
2025-08-08,FPSO MARIA QUITERIA,Petrobras,FPSO,,,JUBARTE(13/01/2025),,,FPMQT,ATIVO,50609.772585969637,1771.3299299999999,49,61751.08357968364
2025-08-08,FPSO PIONEIRO DE LIBRA,Petrobras,FPSO,,,MERO(31/07/2017),,,FPSOPL,ATIVO,48095.70544415999,3177.50865,39,68081.59935093
2025-08-08,FPSO SEPETIBA,Petrobras,FPSO,,,MERO(11/04/2023),,,FPSTB,ATIVO,180250.24111420242,11976.3174,48,255578.88229672241
2025-08-08,FPSO_OSX3,Prio Bravo,FPSO,,,TUBARÃO MARTELO(03/11/2013),,,OSX3,ATIVO,7158.3955973264983,23.453875315064383,24,7305.91578228319
2025-08-08,Peregrino A,Equinor Brasil,FIXA,,,PEREGRINO(22/03/2011),,,PEREGRINO A,ATIVO,31734.388535109778,34.703856341645967,25,31952.668850727459
2025-08-08,Peregrino B,Equinor Brasil,FIXA,,,PEREGRINO(22/03/2011),,,PEREGRINO B,ATIVO,3187.6157167641572,1.9136962798832884,22,3199.652483625367
2025-08-08,PEREGRINO C,Equinor Brasil,FIXA,,,"PEREGRINO(01/10/2021), PITANGOLA(01/10/2021)",,,WHP-C,ATIVO,25063.982316796468,63.548237378470766,18,25463.688020259575
2025-08-08,PEROA,3R Petroleum Off,FIXA,,,PEROÁ(27/01/2011),,,PPER,ATIVO,,2.248,9,14.1394704
2025-08-08,PETROBRAS 08,Trident Energy,SEMI SUBMERSÍVEL,,,MARIMBÁ(21/06/1993),,,P-08,ATIVO,8575.5750403073616,106.79210999999995,16,9247.276053785361
2025-08-08,PETROBRAS 25,Petrobras,SEMI SUBMERSÍVEL,,,ALBACORA(27/09/1996),,,P-25,ATIVO,0,0,19,0
2025-08-08,PETROBRAS 31,Petrobras,FPSO,,,ALBACORA(17/08/1998),,,P-31,ATIVO,0,0,48,0
2025-08-08,PETROBRAS 40,Petrobras,SEMI SUBMERSÍVEL,,,MARLIM SUL(16/12/2001),,,P-40,ATIVO,36622.872685760492,670.16198000000009,38,40838.057507564496
2025-08-08,PETROBRAS 43,Petrobras,FPSO,,,BARRACUDA(21/12/2004),,,P-43,ATIVO,23036.534778169313,287.5459,65,24845.140979989315
2025-08-08,PETROBRAS 48,Petrobras,FPSO,,,"CARATINGA(28/02/2005), BARRACUDA(01/01/2005)",,,P-48,ATIVO,98913.292402055988,316.76583999999991,57,100905.68618248799
2025-08-08,PETROBRAS 50,Petro Rio Jaguar,FPSO,,,ALBACORA LESTE(21/04/2006),,,P-50,ATIVO,28703.496953669983,1186.9761899999999,62,36169.339793531988
2025-08-08,PETROBRAS 51,Petrobras,SEMI SUBMERSÍVEL,,,MARLIM SUL(24/01/2009),,,P-51,ATIVO,12809.226697542,188.37944999999993,31,13994.095762152
2025-08-08,PETROBRAS 52,Petrobras,SEMI SUBMERSÍVEL,,,RONCADOR(23/11/2007),,,P-52,ATIVO,12761.136018654406,130.61987000000002,28,13582.708876980407
2025-08-08,PETROBRAS 53,Petrobras,FPU,,,MARLIM LESTE(30/11/2008),,,P-53,ATIVO,47489.661729209576,782.56966,34,52411.868376677565
2025-08-08,PETROBRAS 54,Petrobras,FPSO,,,RONCADOR(12/12/2007),,,P-54,ATIVO,7228.99339641336,245.55035000000009,54,8773.4559878433611
2025-08-08,PETROBRAS 55,Petrobras,SEMI SUBMERSÍVEL,,,RONCADOR(01/01/2014),,,P-55,ATIVO,24369.40272046204,614.92154,20,28237.136222754038
2025-08-08,PETROBRAS 56,Petrobras,SEMI SUBMERSÍVEL,,,MARLIM SUL(01/08/2011),,,P-56,ATIVO,20601.634570654365,505.06502999999992,37,23778.392596348367
2025-08-08,PETROBRAS 57,Petrobras,FPSO,,,JUBARTE(15/12/2010),,,P-57,ATIVO,32658.800573849996,310.36330000000004,53,34610.923658189982
2025-08-08,PETROBRAS 58,Petrobras,FPSO,,,"BALEIA FRANCA(15/02/2014), JUBARTE(02/03/2014), BALEIA AZUL(17/03/2014)",,,P-58,ATIVO,84446.093780197276,2459.8590600000007,44,99918.11529578529
2025-08-08,PETROBRAS 61,3R Petroleum Off,TLWP,,,PAPA-TERRA(31/12/2013),,,P-61,ATIVO,5645.8670427120669,37.337434220608337,7,5880.71203647285
2025-08-08,PETROBRAS 62,Petrobras,FPSO,,,RONCADOR(30/04/2014),,,P-62,ATIVO,22875.106731206397,1631.8400000000001,44,33139.053963206396
2025-08-08,PETROBRAS 63,3R Petroleum Off,FPSO,,,PAPA-TERRA(16/11/2013),,,P-63,ATIVO,1713.8025013367319,12.37796577939166,38,1791.6574304959495
2025-08-08,Petrobras 66 (P-66),Petrobras,FPSO,,,TUPI(08/02/2016),,,P-66,ATIVO,102091.0260879526,5681.0758000000014,62,137823.85665479262
2025-08-08,Petrobras 67 (P-67),Petrobras,FPSO,,,TUPI(25/03/2018),,,P-67,ATIVO,140373.93735760468,5907.7261100000014,51,177532.35304428267
2025-08-08,Petrobras 68,Petrobras,FPSO,,,BERBIGÃO(19/09/2018),,,P-68,ATIVO,134988.4947091279,4113.85707,67,160863.83290801386
2025-08-08,Petrobras 69,Petrobras,FPSO,,,TUPI(15/06/2018),,,P-69,ATIVO,90880.123313725271,3851.9441000000006,47,115108.08131390525
2025-08-08,Petrobras 70,Petrobras,FPSO,,,ATAPU(21/07/2020),,,P-70,ATIVO,57373.702254274664,1791.39759,56,68641.23481585666
2025-08-08,PETROBRAS 71,Petrobras,FPSO,,,ITAPU(30/11/2022),,,P-71,ATIVO,159660.21624625518,2749.8119199999992,47,176955.9832606712
2025-08-08,Petrobras 74 (P-74),Petrobras,FPSO,,,BÚZIOS(01/12/2017),,,P-74,ATIVO,126964.55185115655,5547.690700000001,43,161858.41681601654
2025-08-08,Petrobras 75 (P-75),Petrobras,FPSO,,,BÚZIOS(06/09/2018),,,P-75,ATIVO,116905.06466724808,6204.0582799999993,43,155927.35043679207
2025-08-08,Petrobras 76,Petrobras,FPSO,,,BÚZIOS(20/11/2018),,,P-76,ATIVO,139364.96927962161,6324.8342600000005,64,179146.91180816959
2025-08-08,Petrobras 77,Petrobras,FPSO,,,BÚZIOS(16/02/2019),,,P-77,ATIVO,161050.20426001967,6935.78559,43,204674.90846400167
2025-08-08,PLATAFORMA DE CARAPEBA-I,Perenco Brasil,FIXA,,,CARAPEBA(31/12/1988),,,PCP-I,ATIVO,43.54817069177691,0.16266491814931358,5,44.571300493952464
2025-08-08,PLATAFORMA DE CARAPEBA-II,Perenco Brasil,FIXA,,,CARAPEBA(31/12/1988),,,PCP-II,ATIVO,2543.7093209327304,7.0910916668115593,3,2588.3108692986416
2025-08-08,PLATAFORMA DE CARAPEBA-III,Perenco Brasil,FIXA,,,CARAPEBA(12/01/1994),,,PCP-III,ATIVO,3435.3682276512027,7.6642981899346827,,3483.5751304062537
2025-08-08,PLATAFORMA DE CHERNE-1,Perenco Brasil,FIXA,,,"CONGRO(19/08/1983), CORVINA(19/08/1983), MALHADO(19/08/1983), ANEQUIM(07/05/1984), BAGRE(07/05/1984), CHERNE(07/05/1984), PARATI(07/05/1984)",,,PCH-I,ATIVO,,0,13,0
2025-08-08,PLATAFORMA DE CHERNE-2,Perenco Brasil,FIXA,,,CHERNE(13/12/1983),,,PCH-II,ATIVO,0,0,13,0
2025-08-08,PLATAFORMA DE ENCHOVA,Trident Energy,FIXA,,,"ENCHOVA(20/12/2010), ENCHOVA OESTE(20/12/2010)",,,PCE-1,ATIVO,5848.2907297470365,220.28637999999987,45,7233.8480026710349
2025-08-08,PLATAFORMA DE GAROUPA,Petrobras,FIXA,,,"GAROUPA(02/01/1979), GAROUPINHA(02/01/1979), VIOLA(02/01/1979)",,,PGP-1,ATIVO,0,,33,0
2025-08-08,PLATAFORMA DE MANATI 1,Petrobras,FIXA,,,MANATI(14/01/2007),,,PMNT,ATIVO,0,2050.53978,7,12897.485108244
2025-08-08,Plataforma de Mexilhão,Petrobras,FIXA,,,MEXILHÃO(19/04/2011),,,PMXL-1,ATIVO,2051.3176332000003,3346.5949499999992,26,23100.730549709995
2025-08-08,PLATAFORMA DE NAMORADO-2,Petrobras,FIXA,,,NAMORADO(01/09/1984),,,PNA-2,ATIVO,0,,13,0
2025-08-08,PLATAFORMA DE PAMPO-1,Trident Energy,FIXA,,,PAMPO(01/01/1984),,,PPM-1,ATIVO,5740.8923611690207,69.232549999999961,43,6176.3512541590189
2025-08-08,PLATAFORMA DE PARGO-1A,Perenco Brasil,FIXA,,,PARGO(12/01/1988),,,PPG-1A,ATIVO,3294.2802440533183,8.9552538289038157,19,3350.6069995863572
2025-08-08,PLATAFORMA DE VERMELHO-I,Perenco Brasil,FIXA,,,VERMELHO(05/01/1989),,,PVM-1,ATIVO,7010.95886844877,26.856141442892412,3,7179.8786268962749
2025-08-08,PLATAFORMA DE VERMELHO-II,Perenco Brasil,FIXA,,,VERMELHO(01/01/1989),,,PVM-2,ATIVO,0,0,3,0
2025-08-08,PLATAFORMA DE VERMELHO-III,Perenco Brasil,FIXA,,,VERMELHO(06/01/1989),,,PVM-3,ATIVO,1595.4971149004105,22.52736995330822,3,1737.1897664327284
2025-08-08,Polo Arara,Petrobras,Estação / Ponto de Coleta de Petróleo,AM,Coari,,,,,,6232.5205605116371,8191.1269031954025,158,57753.070556230072
2025-08-08,Polvo A,Prio Bravo,FIXA,,,POLVO(30/07/2007),,,POLVO A,ATIVO,6289.5741906735029,24.252824684935621,5,6442.1196073768115
2025-08-08,Ponto de Coleta Área do IMT-03,Petrobras,Estação / Pto de Coleta de Gás Nat.,AM,Coari,,,,,,704.36414999719489,560.441977937285,,4229.4321028271288
2025-08-08,Ponto de Coleta Área do LUC-04,Petrobras,Estação / Pto de Coleta de Gás Nat.,AM,Coari,,,,,,1140.8538511458837,1558.0449713137923,,10940.645111715376
2025-08-08,Ponto de Coleta Área do LUC-05,Petrobras,Estação / Pto de Coleta de Gás Nat.,AM,Coari,,,,,,577.7791337165603,783.24315780768745,,5504.2219476953533
2025-08-08,Ponto de Coleta Área do LUC-09,Petrobras,Estação / Pto de Coleta de Gás Nat.,AM,Coari,,,,,,567.12593927710088,705.86041274597187,,5006.8467633667142
2025-08-08,Ponto de Coleta Área do LUC-12,Petrobras,Estação / Pto de Coleta de Gás Nat.,AM,Coari,,,,,,1326.8640779877628,1666.0830322929146,,11806.193134503737
2025-08-08,Ponto de Coleta Área do LUC-43,Petrobras,Estação / Pto de Coleta de Gás Nat.,AM,Coari,,,,,,236.8769116538609,291.54202470694588,,2070.6179386556091
2025-08-08,Unidade de Tratamento de Gás de Cacimbas - UTGC,Petrobras,Estação / Pto de Coleta de Gás Nat.,ES,Linhares,,CACIMBAS,,,,,0,26,0
2025-08-08,UTP Azulão,Eneva,Estação / Ponto de Coleta de Petróleo,AM,Silves,,AZULÃO,,,,,613.21503999999993,8,3856.9999585919995
2025-08-07,,,,,,,,,,,0,0,,0
2025-08-07,Estação Coletora de Gavião Real,Eneva,Estação / Pto de Coleta de Gás Nat.,MA,Santo Antônio dos Lopes,,GAVIÃO REAL,,,,,1383.991401733155,28,8705.029118621198
2025-08-07,Estação Coletora de Pilar,Origem Alagoas,Estação / Ponto de Coleta de Petróleo,AL,Pilar,,,,,,,604.87686000000008,33,3804.554474028
2025-08-07,Estação de Produção e Escoamento de Gavião Branco,Eneva,Estação / Pto de Coleta de Gás Nat.,MA,Lima Campos,,GAVIÃO BRANCO,,,,,3329.9424662186807,13,20944.672124022258
2025-08-07,Estação Produtora de Gavião Preto,Eneva,Estação / Pto de Coleta de Gás Nat.,MA,Bernardo do Mearim,,GAVIÃO PRETO,,,,,3671.6057820481624,12,23093.66604792653
2025-08-07,FPSO ALEXANDRE DE GUSMÃO,Petrobras,FPSO,,,"MERO(27/07/2025), AnC_MERO(27/07/2025)",,,FPADG,ATIVO,44263.728195901633,2906.3052000000007,50,62543.806642861637
2025-08-07,FPSO Almirante Barroso,Petrobras,FPSO,,,BÚZIOS(13/01/2023),,,FPBAR,ATIVO,151189.72852260206,5879.3579400000017,50,188169.71409361405
2025-08-07,FPSO Almirante Tamandaré,Petrobras,FPSO,,,"BÚZIOS(01/07/2024), TAMBUATÁ(31/12/2024), BÚZIOS_ECO(31/12/2024)",,,FPTAM,ATIVO,186061.36037350306,7379.95426,57,232479.79667805106
2025-08-07,FPSO ANITA GARIBALDI,Petrobras,FPSO,,,MARLIM(23/06/2023),,,FPAGA,ATIVO,31137.388074104394,714.96541,71,35634.377509922393
2025-08-07,FPSO ANNA NERY,Petrobras,FPSO,,,MARLIM(29/10/2022),,,FPANE,ATIVO,45687.67491190321,687.70479999999975,67,50013.200562943217
2025-08-07,FPSO ATLANTA,Enauta Energia,FPSO,,,ATLANTA(29/10/2024),,,FPSOATLANTA,ATIVO,28387.628921388005,249.35860000000002,15,29956.044643668003
2025-08-07,FPSO Carioca (MV-30),Petrobras,FPSO,,,SÉPIA(02/01/2021),,,FPCRC,ATIVO,158681.82344137333,6026.0464800000009,61,196584.45059127733
2025-08-07,FPSO CIDADE DE ANCHIETA,Petrobras,FPSO,,,"JUBARTE(31/08/2012), BALEIA AZUL(31/08/2012), PIRAMBU(31/08/2012)",,,FCDA,ATIVO,18713.794763439593,852.97800000000007,47,24078.855787839595
2025-08-07,FPSO CIDADE DE ANGRA DOS REIS,Petrobras,FPSO,,,TUPI(26/04/2009),,,FPCAR,ATIVO,0,0,49,0
2025-08-07,FPSO Cidade de Campos dos Goytacazes,Petrobras,FPSO,,,TARTARUGA VERDE(31/12/2017),,,FPCGZ,ATIVO,68199.129484463978,701.96925,48,72614.375673113987
2025-08-07,FPSO CIDADE DE CARAGUATATUBA,TotalEnergies EP,FPSO,,,LAPA(30/08/2016),,,FPCCG,ATIVO,41825.284443756,1615.5905899999998,31,51987.026136738
2025-08-07,FPSO CIDADE DE ILHA BELA,Petrobras,FPSO,,,SAPINHOÁ(10/11/2014),,,FPCIB,ATIVO,63526.71331247998,3067.637,54,82821.536515079992
2025-08-07,FPSO CIDADE DE ITAGUAÍ,Petrobras,FPSO,,,TUPI(31/07/2015),,,FPCIG,ATIVO,106184.60673538076,6700.456729999999,51,148329.13947573473
2025-08-07,FPSO CIDADE DE ITAJAÍ,Karoon Brasil,FPSO,,,"BAÚNA(25/01/2013), PIRACABA(25/01/2013)",,,FPCI,ATIVO,25839.113479542004,389.63418000000007,27,28289.834544906003
2025-08-07,FPSO CIDADE DE MANGARATIBA,Petrobras,FPSO,,,TUPI(14/10/2014),,,FPCMB,ATIVO,98363.461685385584,5609.2377899999983,47,133644.44553692758
2025-08-07,FPSO CIDADE DE MARICÁ,Petrobras,FPSO,,,TUPI(28/01/2016),,,FPCMC,ATIVO,126242.35672626604,5287.92384,51,159502.340095098
2025-08-07,FPSO CIDADE DE NITEROI,Petrobras,FPSO,,,MARLIM LESTE(12/01/2008),,,FPNT,ATIVO,0,0,49,0
2025-08-07,FPSO CIDADE DE PARATY,Petrobras,FPSO,,,TUPI(28/05/2013),,,FPCP,ATIVO,93441.8929042225,4182.962669999999,47,119751.89150598846
2025-08-07,FPSO CIDADE DE SANTOS,Petrobras,FPSO,,,"URUGUÁ(14/07/2010), TAMBAÚ(13/11/2014)",,,FPCST,ATIVO,0,0,36,0
2025-08-07,FPSO CIDADE DE SÃO PAULO,Petrobras,FPSO,,,SAPINHOÁ(01/12/2012),,,FPCSP,ATIVO,61476.510514880996,2872.4395299999996,45,79543.580670675
2025-08-07,FPSO CIDADE DE SAQUAREMA,Petrobras,FPSO,,,TUPI(31/05/2016),,,FPCSQ,ATIVO,98665.644156974377,5418.2465799999991,51,132745.33149585835
2025-08-07,FPSO CIDADE DE VITÓRIA,BW Maromba,FPSO,,,GOLFINHO(15/11/2007),,,CVIX,ATIVO,7162.51766414085,74.501139999999992,47,7631.1149345128506
2025-08-07,FPSO ESPIRITO SANTO,Shell Brasil,FPSO,,,"ABALONE(12/07/2009), OSTRA(26/01/2011), ARGONAUTA(26/01/2011)",,,FPSO ESP SANTO,ATIVO,30991.4296296,432.195,57,33709.849740599995
2025-08-07,FPSO FRADE,Petro Rio Jaguar,FPSO,,,FRADE(07/06/2009),,,FPSO FRADE,ATIVO,34110.45370689001,335.03300000000007,48,36217.744270290008
2025-08-07,FPSO GUANABARA,Petrobras,FPSO,,,MERO(13/05/2021),,,FPGNB,ATIVO,171900.7046853771,11252.23226,69,242674.995154325
2025-08-07,FPSO Marechal  Duque de Caxias,Petrobras,FPSO,,,MERO(28/07/2024),,,FPMDC,ATIVO,179553.16269907748,11586.7941,53,252431.78022925745
2025-08-07,FPSO MARIA QUITERIA,Petrobras,FPSO,,,JUBARTE(13/01/2025),,,FPMQT,ATIVO,48780.572796460772,1839.0336200000002,49,60347.726459536774
2025-08-07,FPSO PIONEIRO DE LIBRA,Petrobras,FPSO,,,MERO(31/07/2017),,,FPSOPL,ATIVO,48206.182736896793,3179.71274,39,68205.939928948792
2025-08-07,FPSO SEPETIBA,Petrobras,FPSO,,,MERO(11/04/2023),,,FPSTB,ATIVO,180244.66787999446,11976.282699999998,48,255573.0908064543
2025-08-07,FPSO_OSX3,Prio Bravo,FPSO,,,TUBARÃO MARTELO(03/11/2013),,,OSX3,ATIVO,7233.0242971124762,23.197197148224184,24,7378.9300277353759
2025-08-07,Peregrino A,Equinor Brasil,FIXA,,,PEREGRINO(22/03/2011),,,PEREGRINO A,ATIVO,48703.23125930698,51.204631206368369,25,49025.2981486688
2025-08-07,Peregrino B,Equinor Brasil,FIXA,,,PEREGRINO(22/03/2011),,,PEREGRINO B,ATIVO,4892.0805657750889,2.8236087450267298,22,4909.8405000595585
2025-08-07,PEREGRINO C,Equinor Brasil,FIXA,,,"PEREGRINO(01/10/2021), PITANGOLA(01/10/2021)",,,WHP-C,ATIVO,38466.061058765459,93.763760048604922,18,39055.816356719188
2025-08-07,PEROA,3R Petroleum Off,FIXA,,,PEROÁ(27/01/2011),,,PPER,ATIVO,,2.248,9,14.1394704
2025-08-07,PETROBRAS 08,Trident Energy,SEMI SUBMERSÍVEL,,,MARIMBÁ(21/06/1993),,,P-08,ATIVO,7003.8852985825379,78.226299999999981,16,7495.91308032254
2025-08-07,PETROBRAS 25,Petrobras,SEMI SUBMERSÍVEL,,,ALBACORA(27/09/1996),,,P-25,ATIVO,0,0,19,0
2025-08-07,PETROBRAS 31,Petrobras,FPSO,,,ALBACORA(17/08/1998),,,P-31,ATIVO,0,0,48,0
2025-08-07,PETROBRAS 40,Petrobras,SEMI SUBMERSÍVEL,,,MARLIM SUL(16/12/2001),,,P-40,ATIVO,36708.091762371187,684.14629,38,41011.23509721319
2025-08-07,PETROBRAS 43,Petrobras,FPSO,,,BARRACUDA(21/12/2004),,,P-43,ATIVO,22999.764981864002,286.86522999999994,65,24804.089905517998
2025-08-07,PETROBRAS 48,Petrobras,FPSO,,,"CARATINGA(28/02/2005), BARRACUDA(01/01/2005)",,,P-48,ATIVO,27337.830607163993,397.24581999999992,57,29836.427365799995
2025-08-07,PETROBRAS 50,Petro Rio Jaguar,FPSO,,,ALBACORA LESTE(21/04/2006),,,P-50,ATIVO,34181.072247695985,1048.07635,62,40773.262873925996
2025-08-07,PETROBRAS 51,Petrobras,SEMI SUBMERSÍVEL,,,MARLIM SUL(24/01/2009),,,P-51,ATIVO,10860.605138874109,179.05739,31,11986.840310496109
2025-08-07,PETROBRAS 52,Petrobras,SEMI SUBMERSÍVEL,,,RONCADOR(23/11/2007),,,P-52,ATIVO,8369.527779228,-36.326719999999987,28,8141.0399757719979
2025-08-07,PETROBRAS 53,Petrobras,FPU,,,MARLIM LESTE(30/11/2008),,,P-53,ATIVO,52006.3393348491,727.47817999999984,34,56582.031591413106
2025-08-07,PETROBRAS 54,Petrobras,FPSO,,,RONCADOR(12/12/2007),,,P-54,ATIVO,24426.667764483598,200.27642,54,25686.366390999596
2025-08-07,PETROBRAS 55,Petrobras,SEMI SUBMERSÍVEL,,,RONCADOR(01/01/2014),,,P-55,ATIVO,24648.818853912719,648.25934000000007,20,28726.24045064472
2025-08-07,PETROBRAS 56,Petrobras,SEMI SUBMERSÍVEL,,,MARLIM SUL(01/08/2011),,,P-56,ATIVO,20628.448838819008,501.49418000000014,37,23782.746932183003
2025-08-07,PETROBRAS 57,Petrobras,FPSO,,,JUBARTE(15/12/2010),,,P-57,ATIVO,34549.997196,303.2868,53,36457.610510639992
2025-08-07,PETROBRAS 58,Petrobras,FPSO,,,"BALEIA FRANCA(15/02/2014), JUBARTE(02/03/2014), BALEIA AZUL(17/03/2014)",,,P-58,ATIVO,85470.3113376028,2513.08725,44,101277.12752265279
2025-08-07,PETROBRAS 61,3R Petroleum Off,TLWP,,,PAPA-TERRA(31/12/2013),,,P-61,ATIVO,5581.4243020059412,36.756104472512938,7,5812.6128479171521
2025-08-07,PETROBRAS 62,Petrobras,FPSO,,,RONCADOR(30/04/2014),,,P-62,ATIVO,27533.2509696024,2981.317,44,46285.1386362024
2025-08-07,PETROBRAS 63,3R Petroleum Off,FPSO,,,PAPA-TERRA(16/11/2013),,,P-63,ATIVO,1694.2409124116582,12.185245527487059,38,1770.8836697304462
2025-08-07,Petrobras 66 (P-66),Petrobras,FPSO,,,TUPI(08/02/2016),,,P-66,ATIVO,102187.66104662429,5683.8214299999972,62,137937.76107703827
2025-08-07,Petrobras 67 (P-67),Petrobras,FPSO,,,TUPI(25/03/2018),,,P-67,ATIVO,142963.14316575462,5975.8456400000005,51,180550.01707222665
2025-08-07,Petrobras 68,Petrobras,FPSO,,,BERBIGÃO(19/09/2018),,,P-68,ATIVO,137395.26069195117,4273.5839100000012,67,164275.24876906918
2025-08-07,Petrobras 69,Petrobras,FPSO,,,TUPI(15/06/2018),,,P-69,ATIVO,94936.944537206364,3909.2019200000018,47,119525.04277362238
2025-08-07,Petrobras 70,Petrobras,FPSO,,,ATAPU(21/07/2020),,,P-70,ATIVO,151747.99800413853,5384.7783000000009,56,185617.17655547854
2025-08-07,PETROBRAS 71,Petrobras,FPSO,,,ITAPU(30/11/2022),,,P-71,ATIVO,159588.86510824639,2753.6431999999995,47,176908.73010760633
2025-08-07,Petrobras 74 (P-74),Petrobras,FPSO,,,BÚZIOS(01/12/2017),,,P-74,ATIVO,113621.75616667551,4839.52725,43,144061.4146637255
2025-08-07,Petrobras 75 (P-75),Petrobras,FPSO,,,BÚZIOS(06/09/2018),,,P-75,ATIVO,119560.92570907748,6458.5090400000017,43,160183.65586886945
2025-08-07,Petrobras 76,Petrobras,FPSO,,,BÚZIOS(20/11/2018),,,P-76,ATIVO,139376.14561566847,6293.173499999999,64,178958.94829596847
2025-08-07,Petrobras 77,Petrobras,FPSO,,,BÚZIOS(16/02/2019),,,P-77,ATIVO,161058.51107357425,6937.60447,43,204694.65566898024
2025-08-07,PLATAFORMA DE CARAPEBA-I,Perenco Brasil,FIXA,,,CARAPEBA(31/12/1988),,,PCP-I,ATIVO,0,0,5,0
2025-08-07,PLATAFORMA DE CARAPEBA-II,Perenco Brasil,FIXA,,,CARAPEBA(31/12/1988),,,PCP-II,ATIVO,2559.7193719387938,7.3554695839110016,3,2605.9838045276774
2025-08-07,PLATAFORMA DE CARAPEBA-III,Perenco Brasil,FIXA,,,CARAPEBA(12/01/1994),,,PCP-III,ATIVO,2882.2729273555965,6.01647161998489,,2920.1153305509774
2025-08-07,PLATAFORMA DE CHERNE-1,Perenco Brasil,FIXA,,,"CONGRO(19/08/1983), CORVINA(19/08/1983), MALHADO(19/08/1983), ANEQUIM(07/05/1984), BAGRE(07/05/1984), CHERNE(07/05/1984), PARATI(07/05/1984)",,,PCH-I,ATIVO,,0,13,0
2025-08-07,PLATAFORMA DE CHERNE-2,Perenco Brasil,FIXA,,,CHERNE(13/12/1983),,,PCH-II,ATIVO,0,0,13,0
2025-08-07,PLATAFORMA DE ENCHOVA,Trident Energy,FIXA,,,"ENCHOVA(20/12/2010), ENCHOVA OESTE(20/12/2010)",,,PCE-1,ATIVO,8906.7554577442588,255.23515999999995,45,10512.13356711226
2025-08-07,PLATAFORMA DE GAROUPA,Petrobras,FIXA,,,"GAROUPA(02/01/1979), GAROUPINHA(02/01/1979), VIOLA(02/01/1979)",,,PGP-1,ATIVO,0,,33,0
2025-08-07,PLATAFORMA DE MANATI 1,Petrobras,FIXA,,,MANATI(14/01/2007),,,PMNT,ATIVO,1068.7124976,2046.53409,7,13941.002616881999
2025-08-07,Plataforma de Mexilhão,Petrobras,FIXA,,,MEXILHÃO(19/04/2011),,,PMXL-1,ATIVO,1937.6106287999999,3348.94233,26,23001.788096033993
2025-08-07,PLATAFORMA DE NAMORADO-2,Petrobras,FIXA,,,NAMORADO(01/09/1984),,,PNA-2,ATIVO,0,,13,0
2025-08-07,PLATAFORMA DE PAMPO-1,Trident Energy,FIXA,,,PAMPO(01/01/1984),,,PPM-1,ATIVO,7149.5049595200007,95.007140000000049,43,7747.080868692
2025-08-07,PLATAFORMA DE PARGO-1A,Perenco Brasil,FIXA,,,PARGO(12/01/1988),,,PPG-1A,ATIVO,3281.8668332787752,8.2176854183613965,19,3333.5544310231835
2025-08-07,PLATAFORMA DE VERMELHO-I,Perenco Brasil,FIXA,,,VERMELHO(05/01/1989),,,PVM-1,ATIVO,7055.0856907085245,27.857421791478352,3,7230.3033022925647
2025-08-07,PLATAFORMA DE VERMELHO-II,Perenco Brasil,FIXA,,,VERMELHO(01/01/1989),,,PVM-2,ATIVO,0,0,3,0
2025-08-07,PLATAFORMA DE VERMELHO-III,Perenco Brasil,FIXA,,,VERMELHO(06/01/1989),,,PVM-3,ATIVO,1433.044947574318,22.496741586264363,3,1574.5449528036038
2025-08-07,Polo Arara,Petrobras,Estação / Ponto de Coleta de Petróleo,AM,Coari,,,,,,6147.1754467465225,8233.7182174879872,158,57935.616291102451
2025-08-07,Polvo A,Prio Bravo,FIXA,,,POLVO(30/07/2007),,,POLVO A,ATIVO,6355.1451328875237,23.987402851775823,5,6506.0210993446235
2025-08-07,Ponto de Coleta Área do IMT-03,Petrobras,Estação / Pto de Coleta de Gás Nat.,AM,Coari,,,,,,652.06160476415732,467.62839786743791,,3593.3507016707681
2025-08-07,Ponto de Coleta Área do LUC-04,Petrobras,Estação / Pto de Coleta de Gás Nat.,AM,Coari,,,,,,1171.9899072627722,1645.498848013332,,11521.848561497027
2025-08-07,Ponto de Coleta Área do LUC-05,Petrobras,Estação / Pto de Coleta de Gás Nat.,AM,Coari,,,,,,594.15381339540306,806.70750582655069,,5668.1826835432412
2025-08-07,Ponto de Coleta Área do LUC-09,Petrobras,Estação / Pto de Coleta de Gás Nat.,AM,Coari,,,,,,862.56439081394569,1148.5071123324296,,8086.4444259624606
2025-08-07,Ponto de Coleta Área do LUC-12,Petrobras,Estação / Pto de Coleta de Gás Nat.,AM,Coari,,,,,,1328.6834059026794,1715.4164650988396,,12118.309888081361
2025-08-07,Ponto de Coleta Área do LUC-43,Petrobras,Estação / Pto de Coleta de Gás Nat.,AM,Coari,,,,,,429.59046466451866,535.92430337342466,,3800.4471480226848
2025-08-07,Unidade de Tratamento de Gás de Cacimbas - UTGC,Petrobras,Estação / Pto de Coleta de Gás Nat.,ES,Linhares,,CACIMBAS,,,,,0,26,0
2025-08-07,UTP Azulão,Eneva,Estação / Ponto de Coleta de Petróleo,AM,Silves,,AZULÃO,,,,,621.50698,8,3909.1546028039998
2025-08-06,,,,,,,,,,,0,0,,0
2025-08-06,Estação Coletora de Gavião Real,Eneva,Estação / Pto de Coleta de Gás Nat.,MA,Santo Antônio dos Lopes,,GAVIÃO REAL,,,,,1644.3015974530995,28,10342.328187660505
2025-08-06,Estação Coletora de Pilar,Origem Alagoas,Estação / Ponto de Coleta de Petróleo,AL,Pilar,,,,,,,614.11637999999982,33,3862.6692069239984
2025-08-06,Estação de Produção e Escoamento de Gavião Branco,Eneva,Estação / Pto de Coleta de Gás Nat.,MA,Lima Campos,,GAVIÃO BRANCO,,,,,3294.221288999533,13,20719.99306354926
2025-08-06,Estação Produtora de Gavião Preto,Eneva,Estação / Pto de Coleta de Gás Nat.,MA,Bernardo do Mearim,,GAVIÃO PRETO,,,,,3359.7770835473652,12,21132.325900096217
2025-08-06,FPSO ALEXANDRE DE GUSMÃO,Petrobras,FPSO,,,"MERO(27/07/2025), AnC_MERO(27/07/2025)",,,FPADG,ATIVO,43789.154428078284,2942.25098,50,62295.324642082291
2025-08-06,FPSO Almirante Barroso,Petrobras,FPSO,,,BÚZIOS(13/01/2023),,,FPBAR,ATIVO,133968.33564880159,5142.46901,50,166313.43722789962
2025-08-06,FPSO Almirante Tamandaré,Petrobras,FPSO,,,"BÚZIOS(01/07/2024), TAMBUATÁ(31/12/2024), BÚZIOS_ECO(31/12/2024)",,,FPTAM,ATIVO,186082.77558786576,7405.944230000001,57,232664.68360571979
2025-08-06,FPSO ANITA GARIBALDI,Petrobras,FPSO,,,MARLIM(23/06/2023),,,FPAGA,ATIVO,31487.34966537599,694.16047000000015,71,35853.480189581991
2025-08-06,FPSO ANNA NERY,Petrobras,FPSO,,,MARLIM(29/10/2022),,,FPANE,ATIVO,38865.343898907238,653.35470000000009,67,42974.814290967253
2025-08-06,FPSO ATLANTA,Enauta Energia,FPSO,,,ATLANTA(29/10/2024),,,FPSOATLANTA,ATIVO,42612.662741484004,349.1826,15,44808.951458964017
2025-08-06,FPSO Carioca (MV-30),Petrobras,FPSO,,,SÉPIA(02/01/2021),,,FPCRC,ATIVO,158675.40250281719,6032.1812799999989,61,196616.61631776119
2025-08-06,FPSO CIDADE DE ANCHIETA,Petrobras,FPSO,,,"JUBARTE(31/08/2012), BALEIA AZUL(31/08/2012), PIRAMBU(31/08/2012)",,,FCDA,ATIVO,18507.788799686998,854.884,47,23884.838182887
2025-08-06,FPSO CIDADE DE ANGRA DOS REIS,Petrobras,FPSO,,,TUPI(26/04/2009),,,FPCAR,ATIVO,0,0,49,0
2025-08-06,FPSO Cidade de Campos dos Goytacazes,Petrobras,FPSO,,,TARTARUGA VERDE(31/12/2017),,,FPCGZ,ATIVO,68525.5941315,705.18952000000013,48,72961.095174395974
2025-08-06,FPSO CIDADE DE CARAGUATATUBA,TotalEnergies EP,FPSO,,,LAPA(30/08/2016),,,FPCCG,ATIVO,42979.607157564,1618.0006199999998,31,53156.50745724
2025-08-06,FPSO CIDADE DE ILHA BELA,Petrobras,FPSO,,,SAPINHOÁ(10/11/2014),,,FPCIB,ATIVO,63470.806047792,3074.944,54,82811.588818992
2025-08-06,FPSO CIDADE DE ITAGUAÍ,Petrobras,FPSO,,,TUPI(31/07/2015),,,FPCIG,ATIVO,105701.61455325116,6652.80997,51,147546.4587025572
2025-08-06,FPSO CIDADE DE ITAJAÍ,Karoon Brasil,FPSO,,,"BAÚNA(25/01/2013), PIRACABA(25/01/2013)",,,FPCI,ATIVO,26150.482556259609,391.1739,27,28610.888152479605
2025-08-06,FPSO CIDADE DE MANGARATIBA,Petrobras,FPSO,,,TUPI(14/10/2014),,,FPCMB,ATIVO,98525.123949027591,5652.0124000000005,47,134075.15154254757
2025-08-06,FPSO CIDADE DE MARICÁ,Petrobras,FPSO,,,TUPI(28/01/2016),,,FPCMC,ATIVO,126244.83603962997,5294.98206,51,159549.21420061792
2025-08-06,FPSO CIDADE DE NITEROI,Petrobras,FPSO,,,MARLIM LESTE(12/01/2008),,,FPNT,ATIVO,0,0,49,0
2025-08-06,FPSO CIDADE DE PARATY,Petrobras,FPSO,,,TUPI(28/05/2013),,,FPCP,ATIVO,93671.26981725177,4189.42166,47,120021.89417431978
2025-08-06,FPSO CIDADE DE SANTOS,Petrobras,FPSO,,,"URUGUÁ(14/07/2010), TAMBAÚ(13/11/2014)",,,FPCST,ATIVO,0,0,36,0
2025-08-06,FPSO CIDADE DE SÃO PAULO,Petrobras,FPSO,,,SAPINHOÁ(01/12/2012),,,FPCSP,ATIVO,61020.141779322,2882.6041800000003,45,79151.145550686
2025-08-06,FPSO CIDADE DE SAQUAREMA,Petrobras,FPSO,,,TUPI(31/05/2016),,,FPCSQ,ATIVO,105684.63724459743,5806.4662900000021,51,142206.14891543938
2025-08-06,FPSO CIDADE DE VITÓRIA,BW Maromba,FPSO,,,GOLFINHO(15/11/2007),,,CVIX,ATIVO,7162.2569704857588,75.131920000000008,47,7634.8217209017594
2025-08-06,FPSO ESPIRITO SANTO,Shell Brasil,FPSO,,,"ABALONE(12/07/2009), OSTRA(26/01/2011), ARGONAUTA(26/01/2011)",,,FPSO ESP SANTO,ATIVO,28724.698926000005,430.79900000000009,57,31434.338476200002
2025-08-06,FPSO FRADE,Petro Rio Jaguar,FPSO,,,FRADE(07/06/2009),,,FPSO FRADE,ATIVO,34023.712962030004,336.982,48,36143.26234563
2025-08-06,FPSO GUANABARA,Petrobras,FPSO,,,MERO(13/05/2021),,,FPGNB,ATIVO,175453.77942230279,11386.947460000003,69,247075.40155621083
2025-08-06,FPSO Marechal  Duque de Caxias,Petrobras,FPSO,,,MERO(28/07/2024),,,FPMDC,ATIVO,179674.72702719289,11618.047950000002,53,252749.92502310296
2025-08-06,FPSO MARIA QUITERIA,Petrobras,FPSO,,,JUBARTE(13/01/2025),,,FPMQT,ATIVO,34404.013300354527,1281.21591,49,42462.605131072523
2025-08-06,FPSO PIONEIRO DE LIBRA,Petrobras,FPSO,,,MERO(31/07/2017),,,FPSOPL,ATIVO,47552.281763071791,3178.32028,39,67543.2806602158
2025-08-06,FPSO SEPETIBA,Petrobras,FPSO,,,MERO(11/04/2023),,,FPSTB,ATIVO,178463.91218210227,11572.0366,48,251249.70798878223
2025-08-06,FPSO_OSX3,Prio Bravo,FPSO,,,TUBARÃO MARTELO(03/11/2013),,,OSX3,ATIVO,7260.5789942519377,23.240902739168625,24,7406.7596243007611
2025-08-06,Peregrino A,Equinor Brasil,FIXA,,,PEREGRINO(22/03/2011),,,PEREGRINO A,ATIVO,51239.438812709988,55.010155434075664,25,51585.441688359249
2025-08-06,Peregrino B,Equinor Brasil,FIXA,,,PEREGRINO(22/03/2011),,,PEREGRINO B,ATIVO,5146.8343338919385,3.0334591283926198,22,5165.9141851177028
2025-08-06,PEREGRINO C,Equinor Brasil,FIXA,,,"PEREGRINO(01/10/2021), PITANGOLA(01/10/2021)",,,WHP-C,ATIVO,40469.170751579921,100.73227543753174,18,41102.75661762691
2025-08-06,PEROA,3R Petroleum Off,FIXA,,,PEROÁ(27/01/2011),,,PPER,ATIVO,,2.248,9,14.1394704
2025-08-06,PETROBRAS 08,Trident Energy,SEMI SUBMERSÍVEL,,,MARIMBÁ(21/06/1993),,,P-08,ATIVO,3778.6487481128634,64.23516,16,4182.675057480863
2025-08-06,PETROBRAS 25,Petrobras,SEMI SUBMERSÍVEL,,,ALBACORA(27/09/1996),,,P-25,ATIVO,0,0,19,0
2025-08-06,PETROBRAS 31,Petrobras,FPSO,,,ALBACORA(17/08/1998),,,P-31,ATIVO,0,0,48,0
2025-08-06,PETROBRAS 40,Petrobras,SEMI SUBMERSÍVEL,,,MARLIM SUL(16/12/2001),,,P-40,ATIVO,36677.830796110924,685.31918,38,40988.351374474922
2025-08-06,PETROBRAS 43,Petrobras,FPSO,,,BARRACUDA(21/12/2004),,,P-43,ATIVO,23331.429532356,303.11271999999997,65,25237.947918611997
