sParent,Key,Value
Root,jobIds,
jobIds,jobIds[0],d28b0d38-c34f-4f49-b300-23abf91c1670
Root,results,
results,results[0],
results[0],jobId,d28b0d38-c34f-4f49-b300-23abf91c1670
results[0],result,
result,data,
data,timestamp,2025-08-14T17:48:38.826Z
data,rootActivityId,670359ec-bd45-4528-8cce-212f254fdc02
data,descriptor,
descriptor,Select,
Select,Select[0],
Select[0],Kind,1
Select[0],Depth,0
Select[0],Value,G0
Select[0],Format,d
Select[0],GroupKeys,
GroupKeys,GroupKeys[0],
GroupKeys[0],Source,
Source,Entity,Datas
Source,Property,Data
GroupKeys[0],Calc,G0
GroupKeys[0],IsSameAsSelect,True
Select[0],Name,Datas.Data
Select,Select[1],
Select[1],Kind,1
Select[1],Depth,0
Select[1],Value,G1
Select[1],GroupKeys,
GroupKeys,GroupKeys[0],
GroupKeys[0],Source,
Source,Entity,v_instalacoes_final
Source,Property,Instalação
GroupKeys[0],Calc,G1
GroupKeys[0],IsSameAsSelect,True
Select[1],Name,v_instalacoes_final.Instalação
Select,Select[2],
Select[2],Kind,1
Select[2],Depth,0
Select[2],Value,G2
Select[2],GroupKeys,
GroupKeys,GroupKeys[0],
GroupKeys[0],Source,
Source,Entity,v_instalacoes_final
Source,Property,Operadora
GroupKeys[0],Calc,G2
GroupKeys[0],IsSameAsSelect,True
Select[2],Name,v_instalacoes_final.Operadora
Select,Select[3],
Select[3],Kind,1
Select[3],Depth,0
Select[3],Value,G3
Select[3],GroupKeys,
GroupKeys,GroupKeys[0],
GroupKeys[0],Source,
Source,Entity,v_instalacoes_final
Source,Property,Tipo
GroupKeys[0],Calc,G3
GroupKeys[0],IsSameAsSelect,True
Select[3],Name,v_instalacoes_final.Tipo
Select,Select[4],
Select[4],Kind,2
Select[4],Value,M0
Select[4],Format,"#,0.00"
Select[4],Subtotal,
Subtotal,Subtotal[0],A0
Select[4],Name,Medidas.Petroleo
Select,Select[5],
Select[5],Kind,2
Select[5],Value,M1
Select[5],Format,"#,0.00"
Select[5],Subtotal,
Subtotal,Subtotal[0],A1
Select[5],Name,Medidas.Gás
Select,Select[6],
Select[6],Kind,1
Select[6],Depth,0
Select[6],Value,G4
Select[6],GroupKeys,
GroupKeys,GroupKeys[0],
GroupKeys[0],Source,
Source,Entity,v_instalacoes_final
Source,Property,Estado
GroupKeys[0],Calc,G4
GroupKeys[0],IsSameAsSelect,True
Select[6],Name,v_instalacoes_final.Estado
Select,Select[7],
Select[7],Kind,1
Select[7],Depth,0
Select[7],Value,G5
Select[7],GroupKeys,
GroupKeys,GroupKeys[0],
GroupKeys[0],Source,
Source,Entity,v_instalacoes_final
Source,Property,Cidade
GroupKeys[0],Calc,G5
GroupKeys[0],IsSameAsSelect,True
Select[7],Name,v_instalacoes_final.Cidade
Select,Select[8],
Select[8],Kind,1
Select[8],Depth,0
Select[8],Value,G6
Select[8],GroupKeys,
GroupKeys,GroupKeys[0],
GroupKeys[0],Source,
Source,Entity,v_instalacoes_final
Source,Property,Atendimento Campo
GroupKeys[0],Calc,G6
GroupKeys[0],IsSameAsSelect,True
Select[8],Name,v_instalacoes_final.Atendimento Campo
Select,Select[9],
Select[9],Kind,1
Select[9],Depth,0
Select[9],Value,G7
Select[9],GroupKeys,
GroupKeys,GroupKeys[0],
GroupKeys[0],Source,
Source,Entity,v_instalacoes_final
Source,Property,Campo
GroupKeys[0],Calc,G7
GroupKeys[0],IsSameAsSelect,True
Select[9],Name,v_instalacoes_final.Campo
Select,Select[10],
Select[10],Kind,1
Select[10],Depth,0
Select[10],Value,G8
Select[10],GroupKeys,
GroupKeys,GroupKeys[0],
GroupKeys[0],Source,
Source,Entity,v_instalacoes_final
Source,Property,IND_ATIVO
GroupKeys[0],Calc,G8
GroupKeys[0],IsSameAsSelect,True
Select[10],Name,v_instalacoes_final.IND_ATIVO
Select,Select[11],
Select[11],Kind,2
Select[11],Value,M2
Select[11],Format,0
Select[11],Subtotal,
Subtotal,Subtotal[0],A2
Select[11],Name,Sum(v_instalacoes_final.qtde_pms)
Select,Select[12],
Select[12],Kind,1
Select[12],Depth,0
Select[12],Value,G9
Select[12],GroupKeys,
GroupKeys,GroupKeys[0],
GroupKeys[0],Source,
Source,Entity,v_instalacoes_final
Source,Property,Silga
GroupKeys[0],Calc,G9
GroupKeys[0],IsSameAsSelect,True
Select[12],Name,v_instalacoes_final.Silga
Select,Select[13],
Select[13],Kind,1
Select[13],Depth,0
Select[13],Value,G10
Select[13],GroupKeys,
GroupKeys,GroupKeys[0],
GroupKeys[0],Source,
Source,Entity,v_instalacoes_final
Source,Property,Situação
GroupKeys[0],Calc,G10
GroupKeys[0],IsSameAsSelect,True
Select[13],Name,v_instalacoes_final.Situação
Select,Select[14],
Select[14],Kind,2
Select[14],Value,M3
Select[14],Format,"#,0.00"
Select[14],Subtotal,
Subtotal,Subtotal[0],A3
Select[14],Name,Medidas.Petroleo Equivalente boe
descriptor,Expressions,
Expressions,Primary,
Primary,Groupings,
Groupings,Groupings[0],
Groupings[0],Keys,
Keys,Keys[0],
Keys[0],Source,
Source,Entity,Datas
Source,Property,Data
Keys[0],Select,0
Keys,Keys[1],
Keys[1],Source,
Source,Entity,v_instalacoes_final
Source,Property,Instalação
Keys[1],Select,1
Keys,Keys[2],
Keys[2],Source,
Source,Entity,v_instalacoes_final
Source,Property,Operadora
Keys[2],Select,2
Keys,Keys[3],
Keys[3],Source,
Source,Entity,v_instalacoes_final
Source,Property,Tipo
Keys[3],Select,3
Keys,Keys[4],
Keys[4],Source,
Source,Entity,v_instalacoes_final
Source,Property,Estado
Keys[4],Select,6
Keys,Keys[5],
Keys[5],Source,
Source,Entity,v_instalacoes_final
Source,Property,Cidade
Keys[5],Select,7
Keys,Keys[6],
Keys[6],Source,
Source,Entity,v_instalacoes_final
Source,Property,Atendimento Campo
Keys[6],Select,8
Keys,Keys[7],
Keys[7],Source,
Source,Entity,v_instalacoes_final
Source,Property,Campo
Keys[7],Select,9
Keys,Keys[8],
Keys[8],Source,
Source,Entity,v_instalacoes_final
Source,Property,IND_ATIVO
Keys[8],Select,10
Keys,Keys[9],
Keys[9],Source,
Source,Entity,v_instalacoes_final
Source,Property,Silga
Keys[9],Select,12
Keys,Keys[10],
Keys[10],Source,
Source,Entity,v_instalacoes_final
Source,Property,Situação
Keys[10],Select,13
Groupings[0],Member,DM1
Groupings[0],SubtotalMember,DM0
descriptor,Version,2
data,metrics,
metrics,Version,1.0.0
metrics,Events,
Events,Events[0],
Events[0],Id,128a529c-46f8-4a7c-86a2-5b6da4aa8726
Events[0],Name,Execute Semantic Query
Events[0],Component,DSE
Events[0],Start,2025-08-14T17:48:38.8265561Z
Events[0],End,2025-08-14T17:48:38.9828097Z
Events,Events[1],
Events[1],Id,a6819e84-dce5-437c-b09a-9492257ca5e1
Events[1],ParentId,128a529c-46f8-4a7c-86a2-5b6da4aa8726
Events[1],Name,Execute DAX Query
Events[1],Component,DSE
Events[1],Start,2025-08-14T17:48:38.8421821Z
Events[1],End,2025-08-14T17:48:38.9359351Z
Events[1],Metrics,
Metrics,RowCount,502
Events,Events[2],
Events[2],Id,7F28BF6F-E5C9-4E37-9CE5-54D6FA16095D
Events[2],ParentId,a6819e84-dce5-437c-b09a-9492257ca5e1
Events[2],Name,Execute Query
Events[2],Component,AS
Events[2],Start,2025-08-14T17:48:38.867Z
Events[2],End,2025-08-14T17:48:38.943Z
Events,Events[3],
Events[3],Id,E45EEC1F-2055-4489-A8EF-5764EFD1AF2B
Events[3],ParentId,7F28BF6F-E5C9-4E37-9CE5-54D6FA16095D
Events[3],Name,Serialize Rowset
Events[3],Component,AS
Events[3],Start,2025-08-14T17:48:38.94Z
Events[3],End,2025-08-14T17:48:38.943Z
data,fromCache,False
data,dsr,
dsr,Version,2
dsr,MinorVersion,1
dsr,DS,
DS,DS[0],
DS[0],N,DS0
DS[0],PH,
PH,PH[0],
PH[0],DM0,
DM0,DM0[0],
DM0[0],S,
S,S[0],
S[0],N,A0
S[0],T,3
S,S[1],
S[1],N,A1
S[1],T,3
S,S[2],
S[2],N,A2
S[2],T,4
S,S[3],
S[3],N,A3
S[3],T,3
DM0[0],C,
C,C[0],39031157.20589415
C,C[1],1855057.4556600004
C,C[2],3242
C,C[3],50699097.59050446
PH,PH[1],
PH[1],DM1,
DM1,DM1[0],
DM1[0],S,
S,S[0],
S[0],N,G0
S[0],T,7
S,S[1],
S[1],N,G1
S[1],T,1
S[1],DN,D0
S,S[2],
S[2],N,G2
S[2],T,1
S[2],DN,D1
S,S[3],
S[3],N,G3
S[3],T,1
S[3],DN,D2
S,S[4],
S[4],N,G4
S[4],T,1
S[4],DN,D3
S,S[5],
S[5],N,G5
S[5],T,1
S[5],DN,D4
S,S[6],
S[6],N,G6
S[6],T,1
S[6],DN,D5
S,S[7],
S[7],N,G7
S[7],T,1
S[7],DN,D6
S,S[8],
S[8],N,G8
S[8],T,1
S[8],DN,D7
S,S[9],
S[9],N,G9
S[9],T,1
S[9],DN,D8
S,S[10],
S[10],N,G10
S[10],T,1
S[10],DN,D9
S,S[11],
S[11],N,M0
S[11],T,3
S,S[12],
S[12],N,M1
S[12],T,3
S,S[13],
S[13],N,M2
S[13],T,4
S,S[14],
S[14],N,M3
S[14],T,3
DM1[0],C,
C,C[0],1754784000000
C,C[1],32635.758876331169
C,C[2],785.57419051504235
C,C[3],37576.863419832676
DM1[0],Ø,10238
DM1,DM1[1],
DM1[1],C,
C,C[0],0
C,C[1],0
C,C[2],0
C,C[3],0
C,C[4],0
C,C[5],0
C,C[6],1273.9811200571903
C,C[7],28
C,C[8],8013.0864489357155
DM1[1],R,1857
DM1[1],Ø,2048
DM1,DM1[2],
DM1[2],C,
C,C[0],1
C,C[1],1
C,C[2],1
C,C[3],1
C,C[4],1
C,C[5],1
C,C[6],586.34471
C,C[7],33
C,C[8],3687.9909569579995
DM1[2],R,3905
DM1,DM1[3],
DM1[3],C,
C,C[0],2
C,C[1],0
C,C[2],0
C,C[3],0
C,C[4],2
C,C[5],2
C,C[6],3565.4187647143021
C,C[7],13
C,C[8],22425.770946300017
DM1[3],R,3905
DM1,DM1[4],
DM1[4],C,
C,C[0],3
C,C[1],3
C,C[2],3
C,C[3],2829.5221152285076
C,C[4],12
C,C[5],17797.128200364266
DM1[4],R,3933
DM1,DM1[5],
DM1[5],C,
C,C[0],4
C,C[1],2
C,C[2],2
C,C[3],0
C,C[4],0
C,C[5],0
C,C[6],44287.699116438271
C,C[7],2907.0558999999994
C,C[8],50
C,C[9],62572.499316258261
DM1[5],R,257
DM1[5],Ø,176
DM1,DM1[6],
DM1[6],C,
C,C[0],5
C,C[1],1
C,C[2],1
C,C[3],150015.65531002954
C,C[4],5792.8619400000007
C,C[5],186451.59834024159
DM1[6],R,9661
DM1,DM1[7],
DM1[7],C,
C,C[0],6
C,C[1],2
C,C[2],2
C,C[3],185701.68208429415
C,C[4],7420.26807
C,C[5],57
C,C[6],232373.68419098016
DM1[7],R,1469
DM1,DM1[8],
DM1[8],C,
C,C[0],7
C,C[1],3
C,C[2],3
C,C[3],34399.3113000768
C,C[4],737.51785
C,C[5],71
C,C[6],39038.151073006811
DM1[8],R,1469
DM1,DM1[9],
DM1[9],C,
C,C[0],8
C,C[1],4
C,C[2],4
C,C[3],41721.575934384717
C,C[4],702.0948
C,C[5],67
C,C[6],46137.611807424721
DM1[9],R,1469
DM1,DM1[10],
DM1[10],C,
C,C[0],9
C,C[1],3
C,C[2],5
C,C[3],5
C,C[4],41758.9983423492
C,C[5],326.77199999999993
C,C[6],15
C,C[7],43814.328867949211
DM1[10],R,1465
DM1,DM1[11],
DM1[11],C,
C,C[0],10
C,C[1],2
C,C[2],6
C,C[3],6
C,C[4],158312.61472786168
C,C[5],6020.62106
C,C[6],61
C,C[7],196181.11707104967
DM1[11],R,1465
DM1,DM1[12],
DM1[12],C,
C,C[0],11
C,C[1],7
C,C[2],7
C,C[3],18825.802138083596
C,C[4],851.89600000000019
C,C[5],47
C,C[6],24184.057598883595
DM1[12],R,1469
DM1,DM1[13],
DM1[13],C,
C,C[0],12
C,C[1],8
C,C[2],8
C,C[3],0
C,C[4],0
C,C[5],49
C,C[6],0
DM1[13],R,1469
DM1,DM1[14],
DM1[14],C,
C,C[0],13
C,C[1],9
C,C[2],9
C,C[3],68129.522154804
C,C[4],777.36279000000013
C,C[5],48
C,C[6],73018.978631346
DM1[14],R,1469
DM1,DM1[15],
DM1[15],C,
C,C[0],14
C,C[1],4
C,C[2],10
C,C[3],10
C,C[4],38763.6586471134
C,C[5],1534.3992400000002
C,C[6],31
C,C[7],48414.722986865396
DM1[15],R,1465
DM1,DM1[16],
DM1[16],C,
C,C[0],15
C,C[1],2
C,C[2],11
C,C[3],11
C,C[4],63503.690443050007
C,C[5],3082.8240000000005
C,C[6],54
C,C[7],82894.036838249987
DM1[16],R,1465
DM1,DM1[17],
DM1[17],C,
C,C[0],16
C,C[1],12
C,C[2],12
C,C[3],103365.80836660981
C,C[4],6643.0637000000006
C,C[5],51
C,C[6],145149.35042686982
DM1[17],R,1469
DM1,DM1[18],
DM1[18],C,
C,C[0],17
C,C[1],5
C,C[2],13
C,C[3],13
C,C[4],21274.9039007274
C,C[5],218.23788999999994
C,C[6],27
C,C[7],22647.5765812494
DM1[18],R,1465
DM1,DM1[19],
DM1[19],C,
C,C[0],18
C,C[1],2
C,C[2],14
C,C[3],14
C,C[4],98298.124532394591
C,C[5],5586.6187199999986
C,C[6],47
C,C[7],133436.83895745059
DM1[19],R,1465
DM1,DM1[20],
DM1[20],C,
C,C[0],19
C,C[1],15
C,C[2],15
C,C[3],126667.03207164597
C,C[4],5301.3836800000008
C,C[5],51
C,C[6],160011.67514210998
DM1[20],R,1469
DM1,DM1[21],
DM1[21],C,
C,C[0],20
C,C[1],16
C,C[2],16
C,C[3],0
C,C[4],0
C,C[5],49
C,C[6],0
DM1[21],R,1469
DM1,DM1[22],
DM1[22],C,
C,C[0],21
C,C[1],17
C,C[2],17
C,C[3],94082.037169325544
C,C[4],4182.9864000000007
C,C[5],47
C,C[6],120392.18502804554
DM1[22],R,1469
DM1,DM1[23],
DM1[23],C,
C,C[0],22
C,C[1],18
C,C[2],18
C,C[3],0
C,C[4],0
C,C[5],36
C,C[6],0
DM1[23],R,1469
DM1,DM1[24],
DM1[24],C,
C,C[0],23
C,C[1],19
C,C[2],19
C,C[3],61332.724410051618
C,C[4],2917.0368700000004
C,C[5],45
C,C[6],79680.302914977612
DM1[24],R,1469
DM1,DM1[25],
DM1[25],C,
C,C[0],24
C,C[1],20
C,C[2],20
C,C[3],105495.59565137999
C,C[4],5747.6422000000011
C,C[5],51
C,C[6],141647.11556094003
DM1[25],R,1469
DM1,DM1[26],
DM1[26],C,
C,C[0],25
C,C[1],6
C,C[2],21
C,C[3],21
C,C[4],21165.239897999993
C,C[5],355.188
C,C[6],57
C,C[7],23399.301380399993
DM1[26],R,1465
DM1,DM1[27],
DM1[27],C,
C,C[0],26
C,C[1],7
C,C[2],22
C,C[3],22
C,C[4],33603.909129648
C,C[5],334.4
C,C[6],48
C,C[7],35707.218249648
DM1[27],R,1465
DM1,DM1[28],
DM1[28],C,
C,C[0],27
C,C[1],2
C,C[2],23
C,C[3],23
C,C[4],182326.61987426202
C,C[5],11827.587890000003
C,C[6],69
C,C[7],256719.78218478398
DM1[28],R,1465
DM1,DM1[29],
DM1[29],C,
C,C[0],28
C,C[1],24
C,C[2],24
C,C[3],127136.79270194158
C,C[4],8253.6344100000024
C,C[5],53
C,C[6],179050.50241395962
DM1[29],R,1469
DM1,DM1[30],
DM1[30],C,
C,C[0],29
C,C[1],25
C,C[2],25
C,C[3],29959.325598264713
C,C[4],1056.7802797082131
C,C[5],49
C,C[6],36606.262201573431
DM1[30],R,1469
DM1,DM1[31],
DM1[31],C,
C,C[0],30
C,C[1],26
C,C[2],26
C,C[3],47991.6591385638
C,C[4],3176.3838600000004
C,C[5],39
C,C[6],67970.478341191789
DM1[31],R,1469
DM1,DM1[32],
DM1[32],C,
C,C[0],31
C,C[1],27
C,C[2],27
C,C[3],180770.89226725337
C,C[4],12028.4044
C,C[5],48
C,C[6],256427.15026237338
DM1[32],R,1469
DM1,DM1[33],
DM1[33],C,
C,C[0],32
C,C[1],8
C,C[2],28
C,C[3],28
C,C[4],7178.1492684228315
C,C[5],22.79789814974189
C,C[6],24
C,C[7],7321.5434882050768
DM1[33],R,1465
DM1,DM1[34],
DM1[34],C,
C,C[0],33
C,C[1],9
C,C[2],3
C,C[3],29
C,C[4],29
C,C[5],51939.278675367023
C,C[6],55.955656128038648
C,C[7],25
C,C[8],52291.228561281161
DM1[34],R,1457
DM1,DM1[35],
DM1[35],C,
C,C[0],34
C,C[1],30
C,C[2],5217.1309631449512
C,C[3],3.0855974597311082
C,C[4],22
C,C[5],5236.5387540471684
DM1[35],R,1533
DM1,DM1[36],
DM1[36],C,
C,C[0],35
C,C[1],30
C,C[2],31
C,C[3],41021.907853251781
C,C[4],102.46363641223024
C,C[5],18
C,C[6],41666.383633557423
DM1[36],R,1469
DM1,DM1[37],
DM1[37],C,
C,C[0],36
C,C[1],10
C,C[2],31
C,C[3],32
C,C[4],2.248
C,C[5],9
C,C[6],14.1394704
DM1[37],R,1465
DM1[37],Ø,2048
DM1,DM1[38],
DM1[38],C,
C,C[0],37
C,C[1],11
C,C[2],4
C,C[3],32
C,C[4],33
C,C[5],117.36557999999995
C,C[6],16
C,C[7],738.20602508399963
DM1[38],R,3505
DM1,DM1[39],
DM1[39],C,
C,C[0],38
C,C[1],2
C,C[2],33
C,C[3],34
C,C[4],0
C,C[5],0
C,C[6],19
C,C[7],0
DM1[39],R,1465
DM1,DM1[40],
DM1[40],C,
C,C[0],39
C,C[1],2
C,C[2],34
C,C[3],35
C,C[4],48
DM1[40],R,23989
DM1,DM1[41],
DM1[41],C,
C,C[0],40
C,C[1],4
C,C[2],35
C,C[3],36
C,C[4],36576.683784297238
C,C[5],667.15827
C,C[6],38
C,C[7],40772.975870943235
DM1[41],R,1461
DM1,DM1[42],
DM1[42],C,
C,C[0],41
C,C[1],2
C,C[2],36
C,C[3],37
C,C[4],23767.943586878337
C,C[5],286.81348
C,C[6],65
C,C[7],25571.943013382333
DM1[42],R,1461
DM1,DM1[43],
DM1[43],C,
C,C[0],42
C,C[1],37
C,C[2],38
C,C[3],180306.30822184202
C,C[4],332.05617
C,C[5],57
C,C[6],182394.875119908
DM1[43],R,1469
DM1,DM1[44],
DM1[44],C,
C,C[0],43
C,C[1],7
C,C[2],38
C,C[3],39
C,C[4],33984.879170748
C,C[5],1245.56342
C,C[6],62
C,C[7],41819.223969864004
DM1[44],R,1465
DM1,DM1[45],
DM1[45],C,
C,C[0],44
C,C[1],2
C,C[2],4
C,C[3],39
C,C[4],40
C,C[5],14693.176275029999
C,C[6],245.23283999999995
C,C[7],31
C,C[8],16235.641792061999
DM1[45],R,1457
DM1,DM1[46],
DM1[46],C,
C,C[0],45
C,C[1],40
C,C[2],41
C,C[3],21380.809919112835
C,C[4],235.15254
C,C[5],28
C,C[6],22859.872365204836
DM1[46],R,1469
DM1,DM1[47],
DM1[47],C,
C,C[0],46
C,C[1],5
C,C[2],41
C,C[3],42
C,C[4],49075.510117881626
C,C[5],797.93139
C,C[6],34
C,C[7],54094.338974703634
DM1[47],R,1461
DM1,DM1[48],
DM1[48],C,
C,C[0],47
C,C[1],2
C,C[2],42
C,C[3],43
C,C[4],22559.029588862581
C,C[5],246.58571999999992
C,C[6],54
C,C[7],24110.004450518576
DM1[48],R,1461
DM1,DM1[49],
DM1[49],C,
C,C[0],48
C,C[1],4
C,C[2],43
C,C[3],44
C,C[4],24980.872459323295
C,C[5],639.67378
C,C[6],20
C,C[7],29004.292600767294
DM1[49],R,1461
DM1,DM1[50],
DM1[50],C,
C,C[0],49
C,C[1],44
C,C[2],45
C,C[3],20563.66384204098
C,C[4],510.35203999999993
C,C[5],37
C,C[6],23773.676103232978
DM1[50],R,1469
DM1,DM1[51],
DM1[51],C,
C,C[0],50
C,C[1],2
C,C[2],45
C,C[3],46
C,C[4],33702.886806204
C,C[5],328.7554
C,C[6],53
C,C[7],35770.692521123994
DM1[51],R,1461
DM1,DM1[52],
DM1[52],C,
C,C[0],51
C,C[1],46
C,C[2],47
C,C[3],68256.006377189231
C,C[4],2352.1573297767436
C,C[5],44
C,C[6],83050.605550018983
DM1[52],R,1469
DM1,DM1[53],
DM1[53],C,
C,C[0],52
C,C[1],10
C,C[2],6
C,C[3],47
C,C[4],48
C,C[5],10453.83011239673
C,C[6],74.957110586597111
C,C[7],7
C,C[8],10925.29534656431
DM1[53],R,1457
DM1,DM1[54],
DM1[54],C,
C,C[0],53
C,C[1],2
C,C[2],2
C,C[3],48
C,C[4],49
C,C[5],28064.085471325197
C,C[6],3021.776
C,C[7],44
C,C[8],47070.452156125204
DM1[54],R,1457
DM1,DM1[55],
DM1[55],C,
C,C[0],54
C,C[1],10
C,C[2],49
C,C[3],50
C,C[4],3173.2593168840676
C,C[5],24.849499413402878
C,C[6],38
C,C[7],3329.557698294489
DM1[55],R,1465
DM1,DM1[56],
DM1[56],C,
C,C[0],55
C,C[1],2
C,C[2],50
C,C[3],51
C,C[4],99786.505656382928
C,C[5],5468.64525
C,C[6],62
C,C[7],134183.19054983291
DM1[56],R,1465
DM1,DM1[57],
DM1[57],C,
C,C[0],56
C,C[1],51
C,C[2],52
C,C[3],140878.52603869379
C,C[4],6015.0618399999994
C,C[5],51
C,C[6],178712.06199992582
DM1[57],R,1469
DM1,DM1[58],
DM1[58],C,
C,C[0],57
C,C[1],52
C,C[2],53
C,C[3],143013.98245244077
C,C[4],4183.69525
C,C[5],67
C,C[6],169328.58883589075
DM1[58],R,1469
DM1,DM1[59],
DM1[59],C,
C,C[0],58
C,C[1],53
C,C[2],54
C,C[3],116906.36436497714
C,C[4],6034.26861
C,C[5],47
C,C[6],154860.70706815514
DM1[59],R,1469
DM1,DM1[60],
DM1[60],C,
C,C[0],59
C,C[1],54
C,C[2],55
C,C[3],153351.03801857494
C,C[4],5381.7259000000013
C,C[5],56
C,C[6],187201.01758439493
DM1[60],R,1469
DM1,DM1[61],
DM1[61],C,
C,C[0],60
C,C[1],55
C,C[2],56
C,C[3],159614.635940437
C,C[4],2777.79612
C,C[5],47
C,C[6],177086.417976013
DM1[61],R,1469
DM1,DM1[62],
DM1[62],C,
C,C[0],61
C,C[1],56
C,C[2],57
C,C[3],129455.25565574385
C,C[4],5773.3599300000005
C,C[5],43
C,C[6],165768.53494345781
DM1[62],R,1469
DM1,DM1[63],
DM1[63],C,
C,C[0],62
C,C[1],57
C,C[2],58
C,C[3],119255.04939211164
C,C[4],6418.036000000001
C,C[5],159623.21222491167
DM1[63],R,9661
DM1,DM1[64],
DM1[64],C,
C,C[0],63
C,C[1],58
C,C[2],59
C,C[3],138734.29194802014
C,C[4],6264.0264199999974
C,C[5],64
C,C[6],178133.76532453613
DM1[64],R,1469
DM1,DM1[65],
DM1[65],C,
C,C[0],64
C,C[1],59
C,C[2],60
C,C[3],160974.56325743126
C,C[4],6982.0064099999972
C,C[5],43
C,C[6],204889.98717504932
DM1[65],R,1469
DM1,DM1[66],
DM1[66],C,
C,C[0],65
C,C[1],12
C,C[2],3
C,C[3],60
C,C[4],61
C,C[5],0
C,C[6],0
C,C[7],5
C,C[8],0
DM1[66],R,1457
DM1,DM1[67],
DM1[67],C,
C,C[0],66
C,C[1],62
C,C[2],700.13426256859157
C,C[3],4.4103734350710759
C,C[4],3
C,C[5],727.8746294005017
DM1[67],R,1533
DM1,DM1[68],
DM1[68],C,
C,C[0],67
C,C[1],61
C,C[2],63
C,C[3],788.35908835860414
C,C[4],3.6075040897023802
C,C[5],811.04956758201422
DM1[68],R,1469
DM1[68],Ø,8192
DM1,DM1[69],
DM1[69],C,
C,C[0],68
C,C[1],11
C,C[2],62
C,C[3],64
C,C[4],241.24930999999995
C,C[5],45
C,C[6],1517.4099100379997
DM1[69],R,1465
DM1[69],Ø,2048
DM1,DM1[70],
DM1[70],C,
C,C[0],69
C,C[1],2
C,C[2],63
C,C[3],65
C,C[4],0
C,C[5],33
C,C[6],0
DM1[70],R,1465
DM1[70],Ø,4096
DM1,DM1[71],
DM1[71],C,
C,C[0],70
C,C[1],64
C,C[2],66
C,C[3],1641.6912499999999
C,C[4],7
C,C[5],10325.909624249998
DM1[71],R,3517
DM1,DM1[72],
DM1[72],C,
C,C[0],71
C,C[1],65
C,C[2],67
C,C[3],2068.6460322000003
C,C[4],3318.16079
C,C[5],26
C,C[6],22939.213769141996
DM1[72],R,1469
DM1,DM1[73],
DM1[73],C,
C,C[0],72
C,C[1],66
C,C[2],68
C,C[3],0
C,C[4],13
C,C[5],0
DM1[73],R,1469
DM1[73],Ø,4096
DM1,DM1[74],
DM1[74],C,
C,C[0],73
C,C[1],12
C,C[2],67
C,C[3],69
C,C[4],906.72249788306078
C,C[5],5.5698072239242284
C,C[6],19
C,C[7],941.75547136009914
DM1[74],R,1465
DM1,DM1[75],
DM1[75],C,
C,C[0],74
C,C[1],68
C,C[2],70
C,C[3],1929.7065418859304
C,C[4],16.703438391948193
C,C[5],3
C,C[6],2034.7678286836062
DM1[75],R,1469
DM1,DM1[76],
DM1[76],C,
C,C[0],75
C,C[1],69
C,C[2],71
C,C[3],0
C,C[4],0
C,C[5],0
DM1[76],R,9661
DM1,DM1[77],
DM1[77],C,
C,C[0],76
C,C[1],70
C,C[2],72
C,C[3],439.14695235755505
C,C[4],14.011116859354113
C,C[5],527.27407517952042
DM1[77],R,9661
DM1,DM1[78],
DM1[78],C,
C,C[0],77
C,C[1],2
C,C[2],1
C,C[3],2
C,C[4],4
C,C[5],1
C,C[6],5613.129128051406
C,C[7],7953.0277963379676
C,C[8],158
C,C[9],55636.083361457946
DM1[78],R,257
DM1[78],Ø,1600
DM1,DM1[79],
DM1[79],C,
C,C[0],78
C,C[1],8
C,C[2],3
C,C[3],71
C,C[4],73
C,C[5],0
C,C[6],6306.9303395771685
C,C[7],23.574501850258116
C,C[8],5
C,C[9],6455.2092413149239
DM1[79],R,257
DM1[79],Ø,176
DM1,DM1[80],
DM1[80],C,
C,C[0],79
C,C[1],2
C,C[2],0
C,C[3],2
C,C[4],4
C,C[5],1
C,C[6],643.74955074928744
C,C[7],527.96637896274478
C,C[8],3964.5524811491591
DM1[80],R,257
DM1[80],Ø,9792
DM1,DM1[81],
DM1[81],C,
C,C[0],80
C,C[1],1070.171291388911
C,C[2],1589.4031993099629
C,C[3],11067.199534408714
DM1[81],R,10237
DM1,DM1[82],
DM1[82],C,
C,C[0],81
C,C[1],542.53569064434043
C,C[2],779.20655624651761
C,C[3],5443.5890881236865
DM1[82],R,10237
DM1,DM1[83],
DM1[83],C,
C,C[0],82
C,C[1],549.2892469594151
C,C[2],743.6093638297873
C,C[3],5226.44342357601
DM1[83],R,10237
DM1,DM1[84],
DM1[84],C,
C,C[0],83
C,C[1],1237.7939963327074
C,C[2],1653.3813445681349
C,C[3],11637.231977397361
DM1[84],R,10237
DM1,DM1[85],
DM1[85],C,
C,C[0],84
C,C[1],392.26906263392664
C,C[2],517.65445074488628
C,C[3],3648.2120269291122
DM1[85],R,10237
DM1,DM1[86],
DM1[86],C,
C,C[0],85
C,C[1],3
C,C[2],5
C,C[3],4
C,C[4],0
C,C[5],26
C,C[6],0
DM1[86],R,1869
DM1[86],Ø,2048
DM1,DM1[87],
DM1[87],C,
C,C[0],86
C,C[1],0
C,C[2],1
C,C[3],2
C,C[4],6
C,C[5],5
C,C[6],640.58532
C,C[7],8
C,C[8],4029.153545736
DM1[87],R,3905
DM1,DM1[88],
DM1[88],C,
C,C[0],1754697600000
C,C[1],33159.650397886144
C,C[2],787.60433546425315
C,C[3],38113.5241470892
DM1[88],R,1856
DM1[88],Ø,8382
DM1,DM1[89],
DM1[89],C,
C,C[0],0
C,C[1],0
C,C[2],0
C,C[3],0
C,C[4],0
C,C[5],0
C,C[6],1353.5247737736972
C,C[7],28
C,C[8],8513.4001220818
DM1[89],R,1857
DM1[89],Ø,2048
DM1,DM1[90],
DM1[90],C,
C,C[0],1
C,C[1],1
C,C[2],1
C,C[3],1
C,C[4],1
C,C[5],1
C,C[6],589.63839000000007
C,C[7],33
C,C[8],3708.7075454220003
DM1[90],R,3905
DM1,DM1[91],
DM1[91],C,
C,C[0],2
C,C[1],0
C,C[2],0
C,C[3],0
C,C[4],2
C,C[5],2
C,C[6],3372.19967659473
C,C[7],13
C,C[8],21210.461525845531
DM1[91],R,3905
DM1,DM1[92],
DM1[92],C,
C,C[0],3
C,C[1],3
C,C[2],3
C,C[3],3065.6360696315728
C,C[4],12
C,C[5],19282.237750768665
DM1[92],R,3933
DM1,DM1[93],
DM1[93],C,
C,C[0],4
C,C[1],2
C,C[2],2
C,C[3],0
C,C[4],0
C,C[5],0
C,C[6],44278.936404449036
C,C[7],2911.0744000000004
C,C[8],50
C,C[9],62589.012165569038
DM1[93],R,257
DM1[93],Ø,176
DM1,DM1[94],
DM1[94],C,
C,C[0],5
C,C[1],1
C,C[2],1
C,C[3],151116.33824140878
C,C[4],5842.7684800000006
C,C[5],187866.18342691279
DM1[94],R,9661
DM1,DM1[95],
DM1[95],C,
C,C[0],6
C,C[1],2
C,C[2],2
C,C[3],186021.65559675681
C,C[4],7405.0021900000011
C,C[5],57
C,C[6],232597.63837141887
DM1[95],R,1469
DM1,DM1[96],
DM1[96],C,
C,C[0],7
C,C[1],3
C,C[2],3
C,C[3],34585.0668187332
C,C[4],744.75651000000016
C,C[5],71
C,C[6],39269.436315331193
DM1[96],R,1469
DM1,DM1[97],
DM1[97],C,
C,C[0],8
C,C[1],4
C,C[2],4
C,C[3],41236.912338541915
C,C[4],711.4315
C,C[5],67
C,C[6],45711.674187241915
DM1[97],R,1469
DM1,DM1[98],
DM1[98],C,
C,C[0],9
C,C[1],3
C,C[2],5
C,C[3],5
C,C[4],42130.2095071572
C,C[5],332.18480000000005
C,C[6],15
C,C[7],44219.585462197196
DM1[98],R,1465
DM1,DM1[99],
DM1[99],C,
C,C[0],10
C,C[1],2
C,C[2],6
C,C[3],6
C,C[4],158878.53827106886
C,C[5],6020.591269999999
C,C[6],61
C,C[7],196746.85324111488
DM1[99],R,1465
DM1,DM1[100],
DM1[100],C,
C,C[0],11
C,C[1],7
C,C[2],7
C,C[3],18616.273037208
C,C[4],852.99
C,C[5],47
C,C[6],23981.409539208
DM1[100],R,1469
DM1,DM1[101],
DM1[101],C,
C,C[0],12
C,C[1],8
C,C[2],8
C,C[3],0
C,C[4],0
C,C[5],49
C,C[6],0
DM1[101],R,1469
DM1,DM1[102],
DM1[102],C,
C,C[0],13
C,C[1],9
C,C[2],9
C,C[3],67517.416486852191
C,C[4],698.95717
C,C[5],48
C,C[6],71913.7172947182
DM1[102],R,1469
DM1,DM1[103],
DM1[103],C,
C,C[0],14
C,C[1],4
C,C[2],10
C,C[3],10
C,C[4],41285.458383602396
C,C[5],1587.53364
C,C[6],31
C,C[7],51270.7274724744
DM1[103],R,1465
DM1,DM1[104],
DM1[104],C,
C,C[0],15
C,C[1],2
C,C[2],11
C,C[3],11
C,C[4],64726.130370000006
C,C[5],3025.0340000000006
C,C[6],54
C,C[7],83752.9892232
DM1[104],R,1465
DM1,DM1[105],
DM1[105],C,
C,C[0],16
C,C[1],12
C,C[2],12
C,C[3],106146.26266792679
C,C[4],6666.77985
C,C[5],51
C,C[6],148078.97456845679
DM1[105],R,1469
DM1,DM1[106],
DM1[106],C,
C,C[0],17
C,C[1],5
C,C[2],13
C,C[3],13
C,C[4],24966.304363281593
C,C[5],364.78568
C,C[6],27
C,C[7],27260.733333345594
DM1[106],R,1465
DM1,DM1[107],
DM1[107],C,
C,C[0],18
C,C[1],2
C,C[2],14
C,C[3],14
C,C[4],98765.877554361592
C,C[5],5603.36535
C,C[6],47
C,C[7],134009.92493279156
DM1[107],R,1465
DM1,DM1[108],
DM1[108],C,
C,C[0],19
C,C[1],15
C,C[2],15
C,C[3],126128.72199166799
C,C[4],5299.3436399999991
C,C[5],51
C,C[6],159460.53361854004
DM1[108],R,1469
DM1,DM1[109],
DM1[109],C,
C,C[0],20
C,C[1],16
C,C[2],16
C,C[3],0
C,C[4],0
C,C[5],49
C,C[6],0
DM1[109],R,1469
DM1,DM1[110],
DM1[110],C,
C,C[0],21
C,C[1],17
C,C[2],17
C,C[3],93277.7427546468
C,C[4],4186.2940899999994
C,C[5],47
C,C[6],119608.69532192881
DM1[110],R,1469
DM1,DM1[111],
DM1[111],C,
C,C[0],22
C,C[1],18
C,C[2],18
C,C[3],0
C,C[4],0
C,C[5],36
C,C[6],0
DM1[111],R,1469
DM1,DM1[112],
DM1[112],C,
C,C[0],23
C,C[1],19
C,C[2],19
C,C[3],61399.357790185786
C,C[4],2939.3772099999996
C,C[5],45
C,C[6],79887.4525656438
DM1[112],R,1469
DM1,DM1[113],
DM1[113],C,
C,C[0],24
C,C[1],20
C,C[2],20
C,C[3],105066.463322271
C,C[4],5758.7159699999993
C,C[5],51
C,C[6],141287.63503037702
DM1[113],R,1469
DM1,DM1[114],
DM1[114],C,
C,C[0],25
C,C[1],6
C,C[2],21
C,C[3],21
C,C[4],19494.32936879999
C,C[5],332.79299999999995
C,C[6],57
C,C[7],21587.530780199995
DM1[114],R,1465
DM1,DM1[115],
DM1[115],C,
C,C[0],26
C,C[1],7
C,C[2],22
C,C[3],22
C,C[4],33842.97178515
C,C[5],334.007
C,C[6],48
C,C[7],35943.809013750004
DM1[115],R,1465
DM1,DM1[116],
DM1[116],C,
C,C[0],27
C,C[1],2
C,C[2],23
C,C[3],23
C,C[4],171987.84550021193
C,C[5],11235.26019
C,C[6],69
C,C[7],242655.38504327388
DM1[116],R,1465
DM1,DM1[117],
DM1[117],C,
C,C[0],28
C,C[1],24
C,C[2],24
C,C[3],180312.51005073675
C,C[4],11636.077980000002
C,C[5],53
C,C[6],253501.11332934073
DM1[117],R,1469
DM1,DM1[118],
DM1[118],C,
C,C[0],29
C,C[1],25
C,C[2],25
C,C[3],29933.67217693543
C,C[4],1060.961078292502
C,C[5],49
C,C[6],36606.905167179611
DM1[118],R,1469
DM1,DM1[119],
DM1[119],C,
C,C[0],30
C,C[1],26
C,C[2],26
C,C[3],48241.740963873592
C,C[4],3174.89672
C,C[5],39
C,C[6],68211.2063533296
DM1[119],R,1469
DM1,DM1[120],
DM1[120],C,
C,C[0],31
C,C[1],27
C,C[2],27
C,C[3],180509.22473296165
C,C[4],12003.854099999999
C,C[5],48
C,C[6],256011.06625114166
DM1[120],R,1469
DM1,DM1[121],
DM1[121],C,
C,C[0],32
C,C[1],8
C,C[2],28
C,C[3],28
C,C[4],6983.6927909185879
C,C[5],23.449106538549628
C,C[6],24
C,C[7],7131.1829812247561
DM1[121],R,1465
DM1,DM1[122],
DM1[122],C,
C,C[0],33
C,C[1],9
C,C[2],3
C,C[3],29
C,C[4],29
C,C[5],44737.248185154283
C,C[6],45.233116986558294
C,C[7],25
C,C[8],45021.755444376344
DM1[122],R,1457
DM1,DM1[123],
DM1[123],C,
C,C[0],34
C,C[1],30
C,C[2],4493.71051476235
C,C[3],2.4943178317858554
C,C[4],22
C,C[5],4509.3992750607167
DM1[123],R,1533
DM1,DM1[124],
DM1[124],C,
C,C[0],35
C,C[1],30
C,C[2],31
C,C[3],35333.707349498269
C,C[4],82.828975181655863
C,C[5],18
C,C[6],35854.685037595846
DM1[124],R,1469
DM1,DM1[125],
DM1[125],C,
C,C[0],36
C,C[1],10
C,C[2],31
C,C[3],32
C,C[4],2.248
C,C[5],9
C,C[6],14.1394704
DM1[125],R,1465
DM1[125],Ø,2048
DM1,DM1[126],
DM1[126],C,
C,C[0],37
C,C[1],11
C,C[2],4
C,C[3],32
C,C[4],33
C,C[5],220.64353
C,C[6],16
C,C[7],1387.803674994
DM1[126],R,3505
DM1,DM1[127],
DM1[127],C,
C,C[0],38
C,C[1],2
C,C[2],33
C,C[3],34
C,C[4],0
C,C[5],0
C,C[6],19
C,C[7],0
DM1[127],R,1465
DM1,DM1[128],
DM1[128],C,
C,C[0],39
C,C[1],2
C,C[2],34
C,C[3],35
C,C[4],48
DM1[128],R,23989
DM1,DM1[129],
DM1[129],C,
C,C[0],40
C,C[1],4
C,C[2],35
C,C[3],36
C,C[4],36757.316611547729
C,C[5],665.91655
C,C[6],38
C,C[7],40945.79852773773
DM1[129],R,1461
DM1,DM1[130],
DM1[130],C,
C,C[0],41
C,C[1],2
C,C[2],36
C,C[3],37
C,C[4],23448.274077689995
C,C[5],288.08984999999996
C,C[6],65
C,C[7],25260.301616219997
DM1[130],R,1461
DM1,DM1[131],
DM1[131],C,
C,C[0],42
C,C[1],37
C,C[2],38
C,C[3],164472.27915419397
C,C[4],346.47998
C,C[5],57
C,C[6],166651.568932398
DM1[131],R,1469
DM1,DM1[132],
DM1[132],C,
C,C[0],43
C,C[1],7
C,C[2],38
C,C[3],39
C,C[4],33901.360250141988
C,C[5],1276.6308000000006
C,C[6],62
C,C[7],41931.112655982004
DM1[132],R,1465
DM1,DM1[133],
DM1[133],C,
C,C[0],44
C,C[1],2
C,C[2],4
C,C[3],39
C,C[4],40
C,C[5],11893.469241852003
C,C[6],122.72052
C,C[7],31
C,C[8],12665.356768547997
DM1[133],R,1457
DM1,DM1[134],
DM1[134],C,
C,C[0],45
C,C[1],40
C,C[2],41
C,C[3],16557.422362139998
C,C[4],208.78633
C,C[5],28
C,C[6],17870.646620573996
DM1[134],R,1469
DM1,DM1[135],
DM1[135],C,
C,C[0],46
C,C[1],5
C,C[2],41
C,C[3],42
C,C[4],47705.054686401621
C,C[5],763.39021999999977
C,C[6],34
C,C[7],52506.626492157615
DM1[135],R,1461
DM1,DM1[136],
DM1[136],C,
C,C[0],47
C,C[1],2
C,C[2],42
C,C[3],43
C,C[4],24921.448075920005
C,C[5],180.47929999999997
C,C[6],54
C,C[7],26056.626777060006
DM1[136],R,1461
DM1,DM1[137],
DM1[137],C,
C,C[0],48
C,C[1],4
C,C[2],43
C,C[3],44
C,C[4],24437.418943235516
C,C[5],635.15315
C,C[6],20
C,C[7],28432.405226105515
DM1[137],R,1461
DM1,DM1[138],
DM1[138],C,
C,C[0],49
C,C[1],44
C,C[2],45
C,C[3],21769.061201184
C,C[4],505.0534
C,C[5],37
C,C[6],24945.746076503998
DM1[138],R,1469
DM1,DM1[139],
DM1[139],C,
C,C[0],50
C,C[1],2
C,C[2],45
C,C[3],46
C,C[4],31824.878448000007
C,C[5],310.1682
C,C[6],53
C,C[7],33775.774392359992
DM1[139],R,1461
DM1,DM1[140],
DM1[140],C,
C,C[0],51
C,C[1],46
C,C[2],47
C,C[3],71243.272807897272
C,C[4],2331.5103362432446
C,C[5],44
C,C[6],85908.006520800045
DM1[140],R,1469
DM1,DM1[141],
DM1[141],C,
C,C[0],52
C,C[1],10
C,C[2],6
C,C[3],47
C,C[4],48
C,C[5],8169.5163011478371
C,C[6],59.198572027268028
C,C[7],7
C,C[8],8541.8634794849477
DM1[141],R,1457
DM1,DM1[142],
DM1[142],C,
C,C[0],53
C,C[1],2
C,C[2],2
C,C[3],48
C,C[4],49
C,C[5],26145.411568544398
C,C[6],2449.0820000000003
C,C[7],44
C,C[8],41549.6475321444
DM1[142],R,1457
DM1,DM1[143],
DM1[143],C,
C,C[0],54
C,C[1],10
C,C[2],49
C,C[3],50
C,C[4],2479.8560372921625
C,C[5],19.625287972731972
C,C[6],38
C,C[7],2603.295173583052
DM1[143],R,1465
DM1,DM1[144],
DM1[144],C,
C,C[0],55
C,C[1],2
C,C[2],50
C,C[3],51
C,C[4],102112.69987920113
C,C[5],5669.5445499999987
C,C[6],62
C,C[7],137773.00118979113
DM1[144],R,1465
DM1,DM1[145],
DM1[145],C,
C,C[0],56
C,C[1],51
C,C[2],52
C,C[3],142324.60747516813
C,C[4],6068.2973500000007
C,C[5],51
C,C[6],180492.98414719812
DM1[145],R,1469
DM1,DM1[146],
DM1[146],C,
C,C[0],57
C,C[1],52
C,C[2],53
C,C[3],111527.96074393432
C,C[4],3294.6150700000003
C,C[5],67
C,C[6],132250.43061122033
DM1[146],R,1469
DM1,DM1[147],
DM1[147],C,
C,C[0],58
C,C[1],53
C,C[2],54
C,C[3],105251.971572473
C,C[4],5041.2800799999995
C,C[5],47
C,C[6],136960.615019657
DM1[147],R,1469
DM1,DM1[148],
DM1[148],C,
C,C[0],59
C,C[1],54
C,C[2],55
C,C[3],147259.55614075763
C,C[4],5128.4174799999982
C,C[5],56
C,C[6],179516.27640646166
DM1[148],R,1469
DM1,DM1[149],
DM1[149],C,
C,C[0],60
C,C[1],55
C,C[2],56
C,C[3],159433.71284743285
C,C[4],2759.00752
C,C[5],47
C,C[6],176787.31834672883
DM1[149],R,1469
DM1,DM1[150],
DM1[150],C,
C,C[0],61
C,C[1],56
C,C[2],57
C,C[3],129409.09521556273
C,C[4],5731.8987499999994
C,C[5],43
C,C[6],165461.59197331269
DM1[150],R,1469
DM1,DM1[151],
DM1[151],C,
C,C[0],62
C,C[1],57
C,C[2],58
C,C[3],118867.31851634312
C,C[4],6406.6092900000021
C,C[5],159163.60962858511
DM1[151],R,9661
DM1,DM1[152],
DM1[152],C,
C,C[0],63
C,C[1],58
C,C[2],59
C,C[3],135052.67779892223
C,C[4],6241.2674100000013
C,C[5],64
C,C[6],174309.00155434021
DM1[152],R,1469
DM1,DM1[153],
DM1[153],C,
C,C[0],64
C,C[1],59
C,C[2],60
C,C[3],161106.19469988445
C,C[4],6941.4758799999991
C,C[5],43
C,C[6],204766.6896899085
DM1[153],R,1469
DM1,DM1[154],
DM1[154],C,
C,C[0],65
C,C[1],12
C,C[2],3
C,C[3],60
C,C[4],61
C,C[5],0
C,C[6],0
C,C[7],5
C,C[8],0
DM1[154],R,1457
DM1,DM1[155],
DM1[155],C,
C,C[0],66
C,C[1],62
C,C[2],2269.8770597898924
C,C[3],7.6448783142989321
C,C[4],3
C,C[5],2317.96181541117
DM1[155],R,1533
DM1,DM1[156],
DM1[156],C,
C,C[0],67
C,C[1],61
C,C[2],63
C,C[3],2555.9072098214233
C,C[4],6.2531960592733746
C,C[5],2595.2385623950408
DM1[156],R,1469
DM1[156],Ø,8192
DM1,DM1[157],
DM1[157],C,
C,C[0],87
C,C[1],72
C,C[2],74
C,C[3],0
C,C[4],13
C,C[5],0
DM1[157],R,1469
DM1[157],Ø,2048
DM1,DM1[158],
DM1[158],C,
C,C[0],88
C,C[1],73
C,C[2],75
DM1[158],R,32189
DM1,DM1[159],
DM1[159],C,
C,C[0],68
C,C[1],11
C,C[2],62
C,C[3],64
C,C[4],222.89331000000004
C,C[5],45
C,C[6],1401.954341238
DM1[159],R,3513
DM1,DM1[160],
DM1[160],C,
C,C[0],69
C,C[1],2
C,C[2],63
C,C[3],65
C,C[4],0
C,C[5],33
C,C[6],0
DM1[160],R,1465
DM1[160],Ø,4096
DM1,DM1[161],
DM1[161],C,
C,C[0],70
C,C[1],64
C,C[2],66
C,C[3],1650.4245600000004
C,C[4],7
C,C[5],10380.840397488002
DM1[161],R,3517
DM1,DM1[162],
DM1[162],C,
C,C[0],71
C,C[1],65
C,C[2],67
C,C[3],2006.0562323999998
C,C[4],3334.01237
C,C[5],26
C,C[6],22976.327237225996
DM1[162],R,1469
DM1,DM1[163],
DM1[163],C,
C,C[0],72
C,C[1],66
C,C[2],68
C,C[3],0
C,C[4],13
C,C[5],0
DM1[163],R,1469
DM1[163],Ø,4096
DM1,DM1[164],
DM1[164],C,
C,C[0],89
C,C[1],11
C,C[2],74
C,C[3],76
C,C[4],4069.84534268004
C,C[5],46.389269999999975
C,C[6],43
C,C[7],4361.62457312604
DM1[164],R,1465
DM1,DM1[165],
DM1[165],C,
C,C[0],73
C,C[1],12
C,C[2],67
C,C[3],69
C,C[4],2939.6484468413146
C,C[5],9.6546242824713673
C,C[6],19
C,C[7],3000.3741026532034
DM1[165],R,1465
DM1,DM1[166],
DM1[166],C,
C,C[0],74
C,C[1],68
C,C[2],70
C,C[3],6256.2237641158608
C,C[4],28.953501515631874
C,C[5],3
C,C[6],6438.3354979488822
DM1[166],R,1469
DM1,DM1[167],
DM1[167],C,
C,C[0],75
C,C[1],69
C,C[2],71
C,C[3],0
C,C[4],0
C,C[5],0
DM1[167],R,9661
DM1,DM1[168],
DM1[168],C,
C,C[0],76
C,C[1],70
C,C[2],72
C,C[3],1423.7406256566433
C,C[4],24.286669828324463
C,C[5],1576.4989215428384
DM1[168],R,9661
DM1,DM1[169],
DM1[169],C,
C,C[0],77
C,C[1],2
C,C[2],1
C,C[3],2
C,C[4],4
C,C[5],1
C,C[6],5611.424414368812
C,C[7],7906.1314764074623
C,C[8],158
C,C[9],55339.410174676465
DM1[169],R,257
DM1[169],Ø,1600
DM1,DM1[170],
DM1[170],C,
C,C[0],78
C,C[1],8
C,C[2],3
C,C[3],71
C,C[4],73
C,C[5],0
C,C[6],6136.0752330814112
C,C[7],24.247893461450374
C,C[8],5
C,C[9],6288.5896333752416
DM1[170],R,257
DM1[170],Ø,176
DM1,DM1[171],
DM1[171],C,
C,C[0],79
C,C[1],2
C,C[2],0
C,C[3],2
C,C[4],4
C,C[5],1
C,C[6],643.55404328058478
C,C[7],524.85313947026009
C,C[8],3944.7753199206254
DM1[171],R,257
DM1[171],Ø,9792
DM1,DM1[172],
DM1[172],C,
C,C[0],80
C,C[1],1069.8462791539293
C,C[2],1580.0310252346089
C,C[3],11007.92542167457
DM1[172],R,10237
DM1,DM1[173],
DM1[173],C,
C,C[0],81
C,C[1],542.37092193974831
C,C[2],774.61183824861109
C,C[3],5414.5244621558622
DM1[173],R,10237
DM1,DM1[174],
DM1[174],C,
C,C[0],82
C,C[1],549.12242719211042
C,C[2],739.22455045776064
C,C[3],5198.6970046613333
DM1[174],R,10237
DM1,DM1[175],
DM1[175],C,
C,C[0],83
C,C[1],1237.4180768921169
C,C[2],1643.6319129695557
C,C[3],11575.534083088027
DM1[175],R,10237
DM1,DM1[176],
DM1[176],C,
C,C[0],84
C,C[1],392.1499300746936
C,C[2],514.60201721174042
C,C[3],3628.8936979330979
DM1[176],R,10237
DM1,DM1[177],
DM1[177],C,
C,C[0],85
C,C[1],3
C,C[2],5
C,C[3],4
C,C[4],0
C,C[5],26
C,C[6],0
DM1[177],R,1869
DM1[177],Ø,2048
DM1,DM1[178],
DM1[178],C,
C,C[0],86
C,C[1],0
C,C[2],1
C,C[3],2
C,C[4],6
C,C[5],5
C,C[6],637.10112
C,C[7],8
C,C[8],4007.238624576
DM1[178],R,3905
DM1,DM1[179],
DM1[179],C,
C,C[0],1754611200000
C,C[1],33376.203242720279
C,C[2],791.80202075433044
C,C[3],38356.479592860866
DM1[179],R,1856
DM1[179],Ø,8382
DM1,DM1[180],
DM1[180],C,
C,C[0],0
C,C[1],0
C,C[2],0
C,C[3],0
C,C[4],0
C,C[5],0
C,C[6],1379.8811525631045
C,C[7],28
C,C[8],8679.1764733914133
DM1[180],R,1857
DM1[180],Ø,2048
DM1,DM1[181],
DM1[181],C,
C,C[0],1
C,C[1],1
C,C[2],1
C,C[3],1
C,C[4],1
C,C[5],1
C,C[6],601.06315
C,C[7],33
C,C[8],3780.5670008699994
DM1[181],R,3905
DM1,DM1[182],
DM1[182],C,
C,C[0],2
C,C[1],0
C,C[2],0
C,C[3],0
C,C[4],2
C,C[5],2
C,C[6],3561.7730866448587
C,C[7],13
C,C[8],22402.840360378832
DM1[182],R,3905
DM1,DM1[183],
DM1[183],C,
C,C[0],3
C,C[1],3
C,C[2],3
C,C[3],3335.6578707920362
C,C[4],12
C,C[5],20980.620875707747
DM1[183],R,3933
DM1,DM1[184],
DM1[184],C,
C,C[0],4
C,C[1],2
C,C[2],2
C,C[3],0
C,C[4],0
C,C[5],0
C,C[6],44293.4799540053
C,C[7],2907.6897999999997
C,C[8],50
C,C[9],62582.267258045285
DM1[184],R,257
DM1[184],Ø,176
DM1,DM1[185],
DM1[185],C,
C,C[0],5
C,C[1],1
C,C[2],1
C,C[3],151563.59225562334
C,C[4],5895.27886
C,C[5],188643.71722925131
DM1[185],R,9661
DM1,DM1[186],
DM1[186],C,
C,C[0],6
C,C[1],2
C,C[2],2
C,C[3],186121.96128685348
C,C[4],7398.23092
C,C[5],57
C,C[6],232655.35412746947
DM1[186],R,1469
DM1,DM1[187],
DM1[187],C,
C,C[0],7
C,C[1],3
C,C[2],3
C,C[3],34301.049742409996
C,C[4],718.87743000000023
C,C[5],71
C,C[6],38822.645001624
DM1[187],R,1469
DM1,DM1[188],
DM1[188],C,
C,C[0],8
C,C[1],4
C,C[2],4
C,C[3],41011.040350318508
C,C[4],707.70629999999983
C,C[5],67
C,C[6],45462.371436058515
DM1[188],R,1469
DM1,DM1[189],
DM1[189],C,
C,C[0],9
C,C[1],3
C,C[2],5
C,C[3],5
C,C[4],42364.900537805996
C,C[5],335.3837
C,C[6],15
C,C[7],44474.396934066
DM1[189],R,1465
DM1,DM1[190],
DM1[190],C,
C,C[0],10
C,C[1],2
C,C[2],6
C,C[3],6
C,C[4],158426.23964055962
C,C[5],6018.2158199999994
C,C[6],61
C,C[7],196279.61350519562
DM1[190],R,1465
DM1,DM1[191],
DM1[191],C,
C,C[0],11
C,C[1],7
C,C[2],7
C,C[3],18876.774029434197
C,C[4],852.258
C,C[5],47
C,C[6],24237.306397834196
DM1[191],R,1469
DM1,DM1[192],
DM1[192],C,
C,C[0],12
C,C[1],8
C,C[2],8
C,C[3],0
C,C[4],0
C,C[5],49
C,C[6],0
DM1[192],R,1469
DM1,DM1[193],
DM1[193],C,
C,C[0],13
C,C[1],9
C,C[2],9
C,C[3],68555.397292113586
C,C[4],707.8563
C,C[5],48
C,C[6],73007.6718478536
DM1[193],R,1469
DM1,DM1[194],
DM1[194],C,
C,C[0],14
C,C[1],4
C,C[2],10
C,C[3],10
C,C[4],41502.09395211
C,C[5],1598.30904
C,C[6],31
C,C[7],51555.138151902
DM1[194],R,1465
DM1,DM1[195],
DM1[195],C,
C,C[0],15
C,C[1],2
C,C[2],11
C,C[3],11
C,C[4],63432.898555355983
C,C[5],3073.7580000000007
C,C[6],54
C,C[7],82766.221623755977
DM1[195],R,1465
DM1,DM1[196],
DM1[196],C,
C,C[0],16
C,C[1],12
C,C[2],12
C,C[3],105921.12198154075
C,C[4],6674.49452
C,C[5],51
C,C[6],147902.35761343676
DM1[196],R,1469
DM1,DM1[197],
DM1[197],C,
C,C[0],17
C,C[1],5
C,C[2],13
C,C[3],13
C,C[4],25921.0686552312
C,C[5],394.08551
C,C[6],27
C,C[7],28399.787696029198
DM1[197],R,1465
DM1,DM1[198],
DM1[198],C,
C,C[0],18
C,C[1],2
C,C[2],14
C,C[3],14
C,C[4],98299.187401668
C,C[5],5633.28981
C,C[6],47
C,C[7],133731.45364860602
DM1[198],R,1465
DM1,DM1[199],
DM1[199],C,
C,C[0],19
C,C[1],15
C,C[2],15
C,C[3],125880.91292897997
C,C[4],5279.4595700000009
C,C[5],51
C,C[6],159087.657732366
DM1[199],R,1469
DM1,DM1[200],
DM1[200],C,
C,C[0],20
C,C[1],16
C,C[2],16
C,C[3],0
C,C[4],0
C,C[5],49
C,C[6],0
DM1[200],R,1469
DM1,DM1[201],
DM1[201],C,
C,C[0],21
C,C[1],17
C,C[2],17
C,C[3],93626.206489801509
C,C[4],4190.0593399999989
C,C[5],47
C,C[6],119980.84172653349
DM1[201],R,1469
DM1,DM1[202],
DM1[202],C,
C,C[0],22
C,C[1],18
C,C[2],18
C,C[3],0
C,C[4],0
C,C[5],36
C,C[6],0
DM1[202],R,1469
DM1,DM1[203],
DM1[203],C,
C,C[0],23
C,C[1],19
C,C[2],19
C,C[3],61418.685773214
C,C[4],2913.7342299999991
C,C[5],45
C,C[6],79745.491333068
DM1[203],R,1469
DM1,DM1[204],
DM1[204],C,
C,C[0],24
C,C[1],20
C,C[2],20
C,C[3],104141.44867731658
C,C[4],5742.4550899999995
C,C[5],51
C,C[6],140260.34270239857
DM1[204],R,1469
DM1,DM1[205],
DM1[205],C,
C,C[0],25
C,C[1],6
C,C[2],21
C,C[3],21
C,C[4],27423.276407999998
C,C[5],416.02899999999994
C,C[6],57
C,C[7],30040.0156122
DM1[205],R,1465
DM1,DM1[206],
DM1[206],C,
C,C[0],26
C,C[1],7
C,C[2],22
C,C[3],22
C,C[4],33395.875189709994
C,C[5],332.77699999999993
C,C[6],48
C,C[7],35488.97596431
DM1[206],R,1465
DM1,DM1[207],
DM1[207],C,
C,C[0],27
C,C[1],2
C,C[2],23
C,C[3],23
C,C[4],171033.67462905412
C,C[5],11237.69112
C,C[6],69
C,C[7],241716.50423563013
DM1[207],R,1465
DM1,DM1[208],
DM1[208],C,
C,C[0],28
C,C[1],24
C,C[2],24
C,C[3],180422.47520813212
C,C[4],11662.571360000002
C,C[5],53
C,C[6],253777.7165482601
DM1[208],R,1469
DM1,DM1[209],
DM1[209],C,
C,C[0],29
C,C[1],25
C,C[2],25
C,C[3],30186.958883353545
C,C[4],1064.9617569074121
C,C[5],49
C,C[6],36885.355341949784
DM1[209],R,1469
DM1,DM1[210],
DM1[210],C,
C,C[0],30
C,C[1],26
C,C[2],26
C,C[3],48095.705444160005
C,C[4],3177.50865
C,C[5],39
C,C[6],68081.59935093
DM1[210],R,1469
DM1,DM1[211],
DM1[211],C,
C,C[0],31
C,C[1],27
C,C[2],27
C,C[3],180250.24111420242
C,C[4],11976.3174
C,C[5],48
C,C[6],255578.88229672241
DM1[211],R,1469
DM1,DM1[212],
DM1[212],C,
C,C[0],32
C,C[1],8
C,C[2],28
C,C[3],28
C,C[4],7158.3955973264965
C,C[5],23.453875315064383
C,C[6],24
C,C[7],7305.9157822831885
DM1[212],R,1465
DM1,DM1[213],
DM1[213],C,
C,C[0],33
C,C[1],9
C,C[2],3
C,C[3],29
C,C[4],29
C,C[5],31734.388535109774
C,C[6],34.703856341645967
C,C[7],25
C,C[8],31952.668850727456
DM1[213],R,1457
DM1,DM1[214],
DM1[214],C,
C,C[0],34
C,C[1],30
C,C[2],3187.6157167641568
C,C[3],1.9136962798832884
C,C[4],22
C,C[5],3199.6524836253666
DM1[214],R,1533
DM1,DM1[215],
DM1[215],C,
C,C[0],35
C,C[1],30
C,C[2],31
C,C[3],25063.982316796468
C,C[4],63.548237378470766
C,C[5],18
C,C[6],25463.688020259571
DM1[215],R,1469
DM1,DM1[216],
DM1[216],C,
C,C[0],36
C,C[1],10
C,C[2],31
C,C[3],32
C,C[4],2.248
C,C[5],9
C,C[6],14.1394704
DM1[216],R,1465
DM1[216],Ø,2048
DM1,DM1[217],
DM1[217],C,
C,C[0],37
C,C[1],11
C,C[2],4
C,C[3],32
C,C[4],33
C,C[5],106.79210999999995
C,C[6],16
C,C[7],671.70101347799971
DM1[217],R,3505
DM1,DM1[218],
DM1[218],C,
C,C[0],38
C,C[1],2
C,C[2],33
C,C[3],34
C,C[4],0
C,C[5],0
C,C[6],19
C,C[7],0
DM1[218],R,1465
DM1,DM1[219],
DM1[219],C,
C,C[0],39
C,C[1],2
C,C[2],34
C,C[3],35
C,C[4],48
DM1[219],R,23989
DM1,DM1[220],
DM1[220],C,
C,C[0],40
C,C[1],4
C,C[2],35
C,C[3],36
C,C[4],36622.872685760492
C,C[5],670.16198
C,C[6],38
C,C[7],40838.057507564496
DM1[220],R,1461
DM1,DM1[221],
DM1[221],C,
C,C[0],41
C,C[1],2
C,C[2],36
C,C[3],37
C,C[4],23036.534778169305
C,C[5],287.5459
C,C[6],65
C,C[7],24845.140979989312
DM1[221],R,1461
DM1,DM1[222],
DM1[222],C,
C,C[0],42
C,C[1],37
C,C[2],38
C,C[3],98913.292402056
C,C[4],316.76583999999991
C,C[5],57
C,C[6],100905.68618248799
DM1[222],R,1469
DM1,DM1[223],
DM1[223],C,
C,C[0],43
C,C[1],7
C,C[2],38
C,C[3],39
C,C[4],28703.496953669997
C,C[5],1186.97619
C,C[6],62
C,C[7],36169.339793531995
DM1[223],R,1465
DM1,DM1[224],
DM1[224],C,
C,C[0],44
C,C[1],2
C,C[2],4
C,C[3],39
C,C[4],40
C,C[5],12809.226697542
C,C[6],104.01395
C,C[7],31
C,C[8],13463.453640252
DM1[224],R,1457
DM1,DM1[225],
DM1[225],C,
C,C[0],45
C,C[1],40
C,C[2],41
C,C[3],12761.136018654406
C,C[4],130.61987000000002
C,C[5],28
C,C[6],13582.708876980407
DM1[225],R,1469
DM1,DM1[226],
DM1[226],C,
C,C[0],46
C,C[1],5
C,C[2],41
C,C[3],42
C,C[4],47489.661729209576
C,C[5],782.56965999999989
C,C[6],34
C,C[7],52411.868376677565
DM1[226],R,1461
DM1,DM1[227],
DM1[227],C,
C,C[0],47
C,C[1],2
C,C[2],42
C,C[3],43
C,C[4],7228.99339641336
C,C[5],245.55035000000004
C,C[6],54
C,C[7],8773.4559878433611
DM1[227],R,1461
DM1,DM1[228],
DM1[228],C,
C,C[0],48
C,C[1],4
C,C[2],43
C,C[3],44
C,C[4],24369.40272046204
C,C[5],614.92153999999994
C,C[6],20
C,C[7],28237.136222754038
DM1[228],R,1461
DM1,DM1[229],
DM1[229],C,
C,C[0],49
C,C[1],44
C,C[2],45
C,C[3],20601.634570654369
C,C[4],505.06502999999992
C,C[5],37
C,C[6],23778.392596348371
DM1[229],R,1469
DM1,DM1[230],
DM1[230],C,
C,C[0],50
C,C[1],2
C,C[2],45
C,C[3],46
C,C[4],32658.800573849996
C,C[5],310.36330000000009
C,C[6],53
C,C[7],34610.92365819
DM1[230],R,1461
DM1,DM1[231],
DM1[231],C,
C,C[0],51
C,C[1],46
C,C[2],47
C,C[3],71492.70424009311
C,C[4],2374.4252123382576
C,C[5],44
C,C[6],86427.3639406583
DM1[231],R,1469
DM1,DM1[232],
DM1[232],C,
C,C[0],52
C,C[1],10
C,C[2],6
C,C[3],47
C,C[4],48
C,C[5],5645.8670427120669
C,C[6],37.337434220608337
C,C[7],7
C,C[8],5880.71203647285
DM1[232],R,1457
DM1,DM1[233],
DM1[233],C,
C,C[0],53
C,C[1],2
C,C[2],2
C,C[3],48
C,C[4],49
C,C[5],22875.106731206397
C,C[6],1631.8400000000001
C,C[7],44
C,C[8],33139.0539632064
DM1[233],R,1457
DM1,DM1[234],
DM1[234],C,
C,C[0],54
C,C[1],10
C,C[2],49
C,C[3],50
C,C[4],1713.8025013367319
C,C[5],12.377965779391662
C,C[6],38
C,C[7],1791.6574304959495
DM1[234],R,1465
DM1,DM1[235],
DM1[235],C,
C,C[0],55
C,C[1],2
C,C[2],50
C,C[3],51
C,C[4],102091.02608795262
C,C[5],5681.0758
C,C[6],62
C,C[7],137823.85665479265
DM1[235],R,1465
DM1,DM1[236],
DM1[236],C,
C,C[0],56
C,C[1],51
C,C[2],52
C,C[3],140373.93735760474
C,C[4],5907.72611
C,C[5],51
C,C[6],177532.3530442827
DM1[236],R,1469
DM1,DM1[237],
DM1[237],C,
C,C[0],57
C,C[1],52
C,C[2],53
C,C[3],134988.4947091279
C,C[4],4113.85707
C,C[5],67
C,C[6],160863.83290801389
DM1[237],R,1469
DM1,DM1[238],
DM1[238],C,
C,C[0],58
C,C[1],53
C,C[2],54
C,C[3],90880.123313725271
C,C[4],3851.9441
C,C[5],47
C,C[6],115108.08131390529
DM1[238],R,1469
DM1,DM1[239],
DM1[239],C,
C,C[0],59
C,C[1],54
C,C[2],55
C,C[3],57373.702254274649
C,C[4],1791.3975899999998
C,C[5],56
C,C[6],68641.23481585666
DM1[239],R,1469
DM1,DM1[240],
DM1[240],C,
C,C[0],60
C,C[1],55
C,C[2],56
C,C[3],159660.21624625521
C,C[4],2749.8119199999996
C,C[5],47
C,C[6],176955.9832606712
DM1[240],R,1469
DM1,DM1[241],
DM1[241],C,
C,C[0],61
C,C[1],56
C,C[2],57
C,C[3],126964.55185115652
C,C[4],5547.690700000001
C,C[5],43
C,C[6],161858.41681601651
DM1[241],R,1469
DM1,DM1[242],
DM1[242],C,
C,C[0],62
C,C[1],57
C,C[2],58
C,C[3],116905.06466724808
C,C[4],6204.0582800000011
C,C[5],155927.3504367921
DM1[242],R,9661
DM1,DM1[243],
DM1[243],C,
C,C[0],63
C,C[1],58
C,C[2],59
C,C[3],139364.96927962164
C,C[4],6324.83426
C,C[5],64
C,C[6],179146.91180816965
DM1[243],R,1469
DM1,DM1[244],
DM1[244],C,
C,C[0],64
C,C[1],59
C,C[2],60
C,C[3],161050.2042600197
C,C[4],6935.7855899999995
C,C[5],43
C,C[6],204674.90846400167
DM1[244],R,1469
DM1,DM1[245],
DM1[245],C,
C,C[0],65
C,C[1],12
C,C[2],3
C,C[3],60
C,C[4],61
C,C[5],0
C,C[6],0
C,C[7],5
C,C[8],0
DM1[245],R,1457
DM1,DM1[246],
DM1[246],C,
C,C[0],66
C,C[1],62
C,C[2],2634.0422222410016
C,C[3],7.2928577170315458
C,C[4],3
C,C[5],2679.9128387095866
DM1[246],R,1533
DM1,DM1[247],
DM1[247],C,
C,C[0],67
C,C[1],61
C,C[2],63
C,C[3],2965.96129634571
C,C[4],5.9652576878413175
C,C[5],3003.4815741506941
DM1[247],R,1469
DM1[247],Ø,8192
DM1,DM1[248],
DM1[248],C,
C,C[0],87
C,C[1],72
C,C[2],74
C,C[3],0
C,C[4],13
C,C[5],0
DM1[248],R,1469
DM1[248],Ø,2048
DM1,DM1[249],
DM1[249],C,
C,C[0],88
C,C[1],73
C,C[2],75
DM1[249],R,32189
DM1,DM1[250],
DM1[250],C,
C,C[0],68
C,C[1],11
C,C[2],62
C,C[3],64
C,C[4],220.28637999999987
C,C[5],45
C,C[6],1385.5572729239991
DM1[250],R,3513
DM1,DM1[251],
DM1[251],C,
C,C[0],69
C,C[1],2
C,C[2],63
C,C[3],65
C,C[4],0
C,C[5],33
C,C[6],0
DM1[251],R,1465
DM1[251],Ø,4096
DM1,DM1[252],
DM1[252],C,
C,C[0],70
C,C[1],64
C,C[2],66
C,C[3],2050.53978
C,C[4],7
C,C[5],12897.485108244
DM1[252],R,3517
DM1,DM1[253],
DM1[253],C,
C,C[0],71
C,C[1],65
C,C[2],67
C,C[3],2051.3176332000003
C,C[4],3346.5949499999992
C,C[5],26
C,C[6],23100.730549709995
DM1[253],R,1469
DM1,DM1[254],
DM1[254],C,
C,C[0],72
C,C[1],66
C,C[2],68
C,C[3],0
C,C[4],13
C,C[5],0
DM1[254],R,1469
DM1[254],Ø,4096
DM1,DM1[255],
DM1[255],C,
C,C[0],89
C,C[1],11
C,C[2],74
C,C[3],76
C,C[4],5740.89236116902
C,C[5],69.232549999999918
C,C[6],43
C,C[7],6176.3512541590189
DM1[255],R,1465
DM1,DM1[256],
DM1[256],C,
C,C[0],73
C,C[1],12
C,C[2],67
C,C[3],69
C,C[4],3411.2676253232557
C,C[5],9.2100617313643056
C,C[6],19
C,C[7],3469.1970716011915
DM1[256],R,1465
DM1,DM1[257],
DM1[257],C,
C,C[0],74
C,C[1],68
C,C[2],70
C,C[3],7259.9339578303261
C,C[4],27.620291426800058
C,C[5],3
C,C[6],7433.6600668466144
DM1[257],R,1469
DM1,DM1[258],
DM1[258],C,
C,C[0],75
C,C[1],69
C,C[2],71
C,C[3],0
C,C[4],0
C,C[5],0
DM1[258],R,9661
DM1,DM1[259],
DM1[259],C,
C,C[0],76
C,C[1],70
C,C[2],72
C,C[3],1652.1568449379138
C,C[4],23.168351436962777
C,C[5],1797.8811418061221
DM1[259],R,9661
DM1,DM1[260],
DM1[260],C,
C,C[0],77
C,C[1],2
C,C[2],1
C,C[3],2
C,C[4],4
C,C[5],1
C,C[6],6025.0515946302694
C,C[7],7948.45933141891
C,C[8],158
C,C[9],56019.271097388941
DM1[260],R,257
DM1[260],Ø,1600
DM1,DM1[261],
DM1[261],C,
C,C[0],78
C,C[1],8
C,C[2],3
C,C[3],71
C,C[4],73
C,C[5],0
C,C[6],6289.5741906735011
C,C[7],24.252824684935625
C,C[8],5
C,C[9],6442.1196073768087
DM1[261],R,257
DM1[261],Ø,176
DM1,DM1[262],
DM1[262],C,
C,C[0],79
C,C[1],2
C,C[2],0
C,C[3],2
C,C[4],4
C,C[5],1
C,C[6],690.99145392918786
C,C[7],527.66309876022319
C,C[8],4009.8868125112394
DM1[262],R,257
DM1[262],Ø,9792
DM1,DM1[263],
DM1[263],C,
C,C[0],80
C,C[1],1148.7063808112782
C,C[2],1588.490196998865
C,C[3],11139.992021894739
DM1[263],R,10237
DM1,DM1[264],
DM1[264],C,
C,C[0],81
C,C[1],582.34996086670878
C,C[2],778.75895592270763
C,C[3],5480.5880418293546
DM1[264],R,10237
DM1,DM1[265],
DM1[265],C,
C,C[0],82
C,C[1],589.59913050405373
C,C[2],743.18221163327371
C,C[3],5264.066605235018
DM1[265],R,10237
DM1,DM1[266],
DM1[266],C,
C,C[0],83
C,C[1],1328.6301671127096
C,C[2],1652.4315912334416
C,C[3],11722.09438965281
DM1[266],R,10237
DM1,DM1[267],
DM1[267],C,
C,C[0],84
C,C[1],421.05593643578425
C,C[2],517.35709403257715
C,C[3],3675.1285864818883
DM1[267],R,10237
DM1,DM1[268],
DM1[268],C,
C,C[0],85
C,C[1],3
C,C[2],5
C,C[3],4
C,C[4],0
C,C[5],26
C,C[6],0
DM1[268],R,1869
DM1[268],Ø,2048
DM1,DM1[269],
DM1[269],C,
C,C[0],86
C,C[1],0
C,C[2],1
C,C[3],2
C,C[4],6
C,C[5],5
C,C[6],613.21503999999993
C,C[7],8
C,C[8],3856.9999585919995
DM1[269],R,3905
DM1,DM1[270],
DM1[270],C,
C,C[0],1754524800000
C,C[1],31575.500763033342
C,C[2],777.81240940881719
C,C[3],36467.785255732917
DM1[270],R,1856
DM1[270],Ø,8382
DM1,DM1[271],
DM1[271],C,
C,C[0],0
C,C[1],0
C,C[2],0
C,C[3],0
C,C[4],0
C,C[5],0
C,C[6],1383.9914017331548
C,C[7],28
C,C[8],8705.0291186211962
DM1[271],R,1857
DM1[271],Ø,2048
DM1,DM1[272],
DM1[272],C,
C,C[0],1
C,C[1],1
C,C[2],1
C,C[3],1
C,C[4],1
C,C[5],1
C,C[6],604.87686000000008
C,C[7],33
C,C[8],3804.554474028
DM1[272],R,3905
DM1,DM1[273],
DM1[273],C,
C,C[0],2
C,C[1],0
C,C[2],0
C,C[3],0
C,C[4],2
C,C[5],2
C,C[6],3329.9424662186807
C,C[7],13
C,C[8],20944.672124022258
DM1[273],R,3905
DM1,DM1[274],
DM1[274],C,
C,C[0],3
C,C[1],3
C,C[2],3
C,C[3],3671.6057820481624
C,C[4],12
C,C[5],23093.66604792653
DM1[274],R,3933
DM1,DM1[275],
DM1[275],C,
C,C[0],4
C,C[1],2
C,C[2],2
C,C[3],0
C,C[4],0
C,C[5],0
C,C[6],44263.728195901633
C,C[7],2906.3052000000007
C,C[8],50
C,C[9],62543.806642861637
DM1[275],R,257
DM1[275],Ø,176
DM1,DM1[276],
DM1[276],C,
C,C[0],5
C,C[1],1
C,C[2],1
C,C[3],151189.72852260203
C,C[4],5879.357939999999
C,C[5],188169.71409361402
DM1[276],R,9661
DM1,DM1[277],
DM1[277],C,
C,C[0],6
C,C[1],2
C,C[2],2
C,C[3],186061.36037350309
C,C[4],7379.9542600000013
C,C[5],57
C,C[6],232479.79667805106
DM1[277],R,1469
DM1,DM1[278],
DM1[278],C,
C,C[0],7
C,C[1],3
C,C[2],3
C,C[3],31137.388074104394
C,C[4],714.96541000000013
C,C[5],71
C,C[6],35634.3775099224
DM1[278],R,1469
DM1,DM1[279],
DM1[279],C,
C,C[0],8
C,C[1],4
C,C[2],4
C,C[3],45687.67491190321
C,C[4],687.7048
C,C[5],67
C,C[6],50013.20056294321
DM1[279],R,1469
DM1,DM1[280],
DM1[280],C,
C,C[0],9
C,C[1],3
C,C[2],5
C,C[3],5
C,C[4],28387.628921388005
C,C[5],249.3586
C,C[6],15
C,C[7],29956.044643668003
DM1[280],R,1465
DM1,DM1[281],
DM1[281],C,
C,C[0],10
C,C[1],2
C,C[2],6
C,C[3],6
C,C[4],158681.8234413733
C,C[5],6026.0464799999982
C,C[6],61
C,C[7],196584.45059127733
DM1[281],R,1465
DM1,DM1[282],
DM1[282],C,
C,C[0],11
C,C[1],7
C,C[2],7
C,C[3],18713.794763439593
C,C[4],852.97800000000007
C,C[5],47
C,C[6],24078.855787839595
DM1[282],R,1469
DM1,DM1[283],
DM1[283],C,
C,C[0],12
C,C[1],8
C,C[2],8
C,C[3],0
C,C[4],0
C,C[5],49
C,C[6],0
DM1[283],R,1469
DM1,DM1[284],
DM1[284],C,
C,C[0],13
C,C[1],9
C,C[2],9
C,C[3],68199.129484463963
C,C[4],701.9692500000001
C,C[5],48
C,C[6],72614.375673113958
DM1[284],R,1469
DM1,DM1[285],
DM1[285],C,
C,C[0],14
C,C[1],4
C,C[2],10
C,C[3],10
C,C[4],41825.284443756
C,C[5],1615.5905899999998
C,C[6],31
C,C[7],51987.026136738
DM1[285],R,1465
DM1,DM1[286],
DM1[286],C,
C,C[0],15
C,C[1],2
C,C[2],11
C,C[3],11
C,C[4],63526.71331247998
C,C[5],3067.6369999999997
C,C[6],54
C,C[7],82821.536515079992
DM1[286],R,1465
DM1,DM1[287],
DM1[287],C,
C,C[0],16
C,C[1],12
C,C[2],12
C,C[3],106184.60673538076
C,C[4],6700.456729999999
C,C[5],51
C,C[6],148329.13947573476
DM1[287],R,1469
DM1,DM1[288],
DM1[288],C,
C,C[0],17
C,C[1],5
C,C[2],13
C,C[3],13
C,C[4],25839.113479542004
C,C[5],389.63417999999996
C,C[6],27
C,C[7],28289.834544906003
DM1[288],R,1465
DM1,DM1[289],
DM1[289],C,
C,C[0],18
C,C[1],2
C,C[2],14
C,C[3],14
C,C[4],98363.461685385584
C,C[5],5609.23779
C,C[6],47
C,C[7],133644.44553692758
DM1[289],R,1465
DM1,DM1[290],
DM1[290],C,
C,C[0],19
C,C[1],15
C,C[2],15
C,C[3],126242.356726266
C,C[4],5287.92384
C,C[5],51
C,C[6],159502.340095098
DM1[290],R,1469
DM1,DM1[291],
DM1[291],C,
C,C[0],20
C,C[1],16
C,C[2],16
C,C[3],0
C,C[4],0
C,C[5],49
C,C[6],0
DM1[291],R,1469
DM1,DM1[292],
DM1[292],C,
C,C[0],21
C,C[1],17
C,C[2],17
C,C[3],93441.8929042225
C,C[4],4182.96267
C,C[5],47
C,C[6],119751.89150598853
DM1[292],R,1469
DM1,DM1[293],
DM1[293],C,
C,C[0],22
C,C[1],18
C,C[2],18
C,C[3],0
C,C[4],0
C,C[5],36
C,C[6],0
DM1[293],R,1469
DM1,DM1[294],
DM1[294],C,
C,C[0],23
C,C[1],19
C,C[2],19
C,C[3],61476.510514881011
C,C[4],2872.4395300000006
C,C[5],45
C,C[6],79543.580670674986
DM1[294],R,1469
DM1,DM1[295],
DM1[295],C,
C,C[0],24
C,C[1],20
C,C[2],20
C,C[3],98665.644156974391
C,C[4],5418.2465800000009
C,C[5],51
C,C[6],132745.33149585838
DM1[295],R,1469
DM1,DM1[296],
DM1[296],C,
C,C[0],90
C,C[1],13
C,C[2],75
C,C[3],77
C,C[4],7162.51766414085
C,C[5],74.501139999999992
C,C[6],47
C,C[7],7631.1149345128488
DM1[296],R,1465
DM1,DM1[297],
DM1[297],C,
C,C[0],25
C,C[1],6
C,C[2],21
C,C[3],21
C,C[4],30991.429629599996
C,C[5],432.19500000000005
C,C[6],57
C,C[7],33709.849740599995
DM1[297],R,1465
DM1,DM1[298],
DM1[298],C,
C,C[0],26
C,C[1],7
C,C[2],22
C,C[3],22
C,C[4],34110.45370689001
C,C[5],335.03300000000007
C,C[6],48
C,C[7],36217.744270290008
DM1[298],R,1465
DM1,DM1[299],
DM1[299],C,
C,C[0],27
C,C[1],2
C,C[2],23
C,C[3],23
C,C[4],171900.70468537707
C,C[5],11252.23226
C,C[6],69
C,C[7],242674.99515432509
DM1[299],R,1465
DM1,DM1[300],
DM1[300],C,
C,C[0],28
C,C[1],24
C,C[2],24
C,C[3],179553.16269907745
C,C[4],11586.794100000003
C,C[5],53
C,C[6],252431.78022925745
DM1[300],R,1469
DM1,DM1[301],
DM1[301],C,
C,C[0],29
C,C[1],25
C,C[2],25
C,C[3],30189.326496685182
C,C[4],1147.043519360604
C,C[5],49
C,C[6],37404.000824759511
DM1[301],R,1469
DM1,DM1[302],
DM1[302],C,
C,C[0],30
C,C[1],26
C,C[2],26
C,C[3],48206.182736896793
C,C[4],3179.71274
C,C[5],39
C,C[6],68205.939928948792
DM1[302],R,1469
DM1,DM1[303],
DM1[303],C,
C,C[0],31
C,C[1],27
C,C[2],27
C,C[3],180244.66787999449
C,C[4],11976.282699999998
C,C[5],48
C,C[6],255573.09080645451
DM1[303],R,1469
DM1,DM1[304],
DM1[304],C,
C,C[0],32
C,C[1],8
C,C[2],28
C,C[3],28
C,C[4],7233.0242971124753
C,C[5],23.197197148224188
C,C[6],24
C,C[7],7378.9300277353759
DM1[304],R,1465
DM1,DM1[305],
DM1[305],C,
C,C[0],33
C,C[1],9
C,C[2],3
C,C[3],29
C,C[4],29
C,C[5],48703.23125930698
C,C[6],51.204631206368369
C,C[7],25
C,C[8],49025.2981486688
DM1[305],R,1457
DM1,DM1[306],
DM1[306],C,
C,C[0],34
C,C[1],30
C,C[2],4892.080565775088
C,C[3],2.8236087450267298
C,C[4],22
C,C[5],4909.8405000595576
DM1[306],R,1533
DM1,DM1[307],
DM1[307],C,
C,C[0],35
C,C[1],30
C,C[2],31
C,C[3],38466.061058765452
C,C[4],93.763760048604922
C,C[5],18
C,C[6],39055.816356719166
DM1[307],R,1469
DM1,DM1[308],
DM1[308],C,
C,C[0],36
C,C[1],10
C,C[2],31
C,C[3],32
C,C[4],2.248
C,C[5],9
C,C[6],14.1394704
DM1[308],R,1465
DM1[308],Ø,2048
DM1,DM1[309],
DM1[309],C,
C,C[0],37
C,C[1],11
C,C[2],4
C,C[3],32
C,C[4],33
C,C[5],78.226299999999981
C,C[6],16
C,C[7],492.02778173999985
DM1[309],R,3505
DM1,DM1[310],
DM1[310],C,
C,C[0],38
C,C[1],2
C,C[2],33
C,C[3],34
C,C[4],0
C,C[5],0
C,C[6],19
C,C[7],0
DM1[310],R,1465
DM1,DM1[311],
DM1[311],C,
C,C[0],39
C,C[1],2
C,C[2],34
C,C[3],35
C,C[4],48
DM1[311],R,23989
DM1,DM1[312],
DM1[312],C,
C,C[0],40
C,C[1],4
C,C[2],35
C,C[3],36
C,C[4],36708.091762371187
C,C[5],684.14629
C,C[6],38
C,C[7],41011.235097213183
DM1[312],R,1461
DM1,DM1[313],
DM1[313],C,
C,C[0],41
C,C[1],2
C,C[2],36
C,C[3],37
C,C[4],22999.764981864006
C,C[5],286.86523
C,C[6],65
C,C[7],24804.089905518009
DM1[313],R,1461
DM1,DM1[314],
DM1[314],C,
C,C[0],42
C,C[1],37
C,C[2],38
C,C[3],27337.830607163993
C,C[4],397.24582
C,C[5],57
C,C[6],29836.427365799995
DM1[314],R,1469
DM1,DM1[315],
DM1[315],C,
C,C[0],43
C,C[1],7
C,C[2],38
C,C[3],39
C,C[4],34181.072247695985
C,C[5],1046.27534
C,C[6],62
C,C[7],40761.934881228
DM1[315],R,1465
DM1,DM1[316],
DM1[316],C,
C,C[0],44
C,C[1],2
C,C[2],4
C,C[3],39
C,C[4],40
C,C[5],10860.605138874109
C,C[6],179.05739
C,C[7],31
C,C[8],11986.840310496111
DM1[316],R,1457
DM1,DM1[317],
DM1[317],C,
C,C[0],45
C,C[1],40
C,C[2],41
C,C[3],8369.5277792280012
C,C[4],-36.326719999999987
C,C[5],28
C,C[6],8141.0399757720006
DM1[317],R,1469
DM1,DM1[318],
DM1[318],C,
C,C[0],46
C,C[1],5
C,C[2],41
C,C[3],42
C,C[4],52006.3393348491
C,C[5],727.47817999999984
C,C[6],34
C,C[7],56582.031591413113
DM1[318],R,1461
DM1,DM1[319],
DM1[319],C,
C,C[0],47
C,C[1],2
C,C[2],42
C,C[3],43
C,C[4],24426.667764483591
C,C[5],200.27642000000003
C,C[6],54
C,C[7],25686.366390999592
DM1[319],R,1461
DM1,DM1[320],
DM1[320],C,
C,C[0],48
C,C[1],4
C,C[2],43
C,C[3],44
C,C[4],24648.818853912719
C,C[5],648.25934
C,C[6],20
C,C[7],28726.24045064472
DM1[320],R,1461
DM1,DM1[321],
DM1[321],C,
C,C[0],49
C,C[1],44
C,C[2],45
C,C[3],20628.448838819008
C,C[4],501.49418000000009
C,C[5],37
C,C[6],23782.746932183003
DM1[321],R,1469
DM1,DM1[322],
DM1[322],C,
C,C[0],50
C,C[1],2
C,C[2],45
C,C[3],46
C,C[4],34549.997196000004
C,C[5],303.28680000000008
C,C[6],53
C,C[7],36457.61051064
DM1[322],R,1461
DM1,DM1[323],
DM1[323],C,
C,C[0],51
C,C[1],46
C,C[2],47
C,C[3],72486.056874345042
C,C[4],2427.2649412305791
C,C[5],44
C,C[6],87753.067901697141
DM1[323],R,1469
DM1,DM1[324],
DM1[324],C,
C,C[0],52
C,C[1],10
C,C[2],6
C,C[3],47
C,C[4],48
C,C[5],5581.4243020059412
C,C[6],36.756104472512938
C,C[7],7
C,C[8],5812.6128479171521
DM1[324],R,1457
DM1,DM1[325],
DM1[325],C,
C,C[0],53
C,C[1],2
C,C[2],2
C,C[3],48
C,C[4],49
C,C[5],27533.2509696024
C,C[6],2981.3169999999996
C,C[7],44
C,C[8],46285.138636202391
DM1[325],R,1457
DM1,DM1[326],
DM1[326],C,
C,C[0],54
C,C[1],10
C,C[2],49
C,C[3],50
C,C[4],1694.2409124116582
C,C[5],12.185245527487059
C,C[6],38
C,C[7],1770.8836697304462
DM1[326],R,1465
DM1,DM1[327],
DM1[327],C,
C,C[0],55
C,C[1],2
C,C[2],50
C,C[3],51
C,C[4],102187.66104662429
C,C[5],5683.8214300000009
C,C[6],62
C,C[7],137937.76107703827
DM1[327],R,1465
DM1,DM1[328],
DM1[328],C,
C,C[0],56
C,C[1],51
C,C[2],52
C,C[3],142963.14316575462
C,C[4],5975.84564
C,C[5],51
C,C[6],180550.01707222665
DM1[328],R,1469
DM1,DM1[329],
DM1[329],C,
C,C[0],57
C,C[1],52
C,C[2],53
C,C[3],137395.26069195123
C,C[4],4273.58391
C,C[5],67
C,C[6],164275.24876906927
DM1[329],R,1469
DM1,DM1[330],
DM1[330],C,
C,C[0],58
C,C[1],53
C,C[2],54
C,C[3],94936.944537206364
C,C[4],3909.2019200000004
C,C[5],47
C,C[6],119525.04277362238
DM1[330],R,1469
DM1,DM1[331],
DM1[331],C,
C,C[0],59
C,C[1],54
C,C[2],55
C,C[3],151747.99800413853
C,C[4],5384.7783
C,C[5],56
C,C[6],185617.17655547854
DM1[331],R,1469
DM1,DM1[332],
DM1[332],C,
C,C[0],60
C,C[1],55
C,C[2],56
C,C[3],159588.86510824636
C,C[4],2753.6432000000004
C,C[5],47
C,C[6],176908.73010760633
DM1[332],R,1469
DM1,DM1[333],
DM1[333],C,
C,C[0],61
C,C[1],56
C,C[2],57
C,C[3],113621.75616667548
C,C[4],4839.52725
C,C[5],43
C,C[6],144061.41466372547
DM1[333],R,1469
DM1,DM1[334],
DM1[334],C,
C,C[0],62
C,C[1],57
C,C[2],58
C,C[3],119560.92570907748
C,C[4],6458.5090400000017
C,C[5],160183.65586886945
DM1[334],R,9661
DM1,DM1[335],
DM1[335],C,
C,C[0],63
C,C[1],58
C,C[2],59
C,C[3],139376.14561566853
C,C[4],6293.1735
C,C[5],64
C,C[6],178958.9482959685
DM1[335],R,1469
DM1,DM1[336],
DM1[336],C,
C,C[0],64
C,C[1],59
C,C[2],60
C,C[3],161058.51107357428
C,C[4],6937.6044699999993
C,C[5],43
C,C[6],204694.65566898033
DM1[336],R,1469
DM1,DM1[337],
DM1[337],C,
C,C[0],65
C,C[1],12
C,C[2],3
C,C[3],60
C,C[4],61
C,C[5],0
C,C[6],0
C,C[7],5
C,C[8],0
DM1[337],R,1457
DM1,DM1[338],
DM1[338],C,
C,C[0],66
C,C[1],62
C,C[2],2559.7193719387942
C,C[3],7.3554695839110016
C,C[4],3
C,C[5],2605.9838045276779
DM1[338],R,1533
DM1,DM1[339],
DM1[339],C,
C,C[0],67
C,C[1],61
C,C[2],63
C,C[3],2882.2729273555974
C,C[4],6.0164716199848893
C,C[5],2920.1153305509783
DM1[339],R,1469
DM1[339],Ø,8192
DM1,DM1[340],
DM1[340],C,
C,C[0],87
C,C[1],72
C,C[2],74
C,C[3],0
C,C[4],13
C,C[5],0
DM1[340],R,1469
DM1[340],Ø,2048
DM1,DM1[341],
DM1[341],C,
C,C[0],88
C,C[1],73
C,C[2],75
DM1[341],R,32189
DM1,DM1[342],
DM1[342],C,
C,C[0],68
C,C[1],11
C,C[2],62
C,C[3],64
C,C[4],255.23516
C,C[5],45
C,C[6],1605.378109368
DM1[342],R,3513
DM1,DM1[343],
DM1[343],C,
C,C[0],69
C,C[1],2
C,C[2],63
C,C[3],65
C,C[4],0
C,C[5],33
C,C[6],0
DM1[343],R,1465
DM1[343],Ø,4096
DM1,DM1[344],
DM1[344],C,
C,C[0],70
C,C[1],64
C,C[2],66
C,C[3],1068.7124976
C,C[4],2046.53409
C,C[5],7
C,C[6],13941.002616881999
DM1[344],R,1469
DM1,DM1[345],
DM1[345],C,
C,C[0],71
C,C[1],65
C,C[2],67
C,C[3],1937.6106287999999
C,C[4],3348.94233
C,C[5],26
C,C[6],23001.788096033993
DM1[345],R,1469
DM1,DM1[346],
DM1[346],C,
C,C[0],72
C,C[1],66
C,C[2],68
C,C[3],0
C,C[4],13
C,C[5],0
DM1[346],R,1469
DM1[346],Ø,4096
DM1,DM1[347],
DM1[347],C,
C,C[0],89
C,C[1],11
C,C[2],74
C,C[3],76
C,C[4],7149.5049595200035
C,C[5],95.007140000000092
C,C[6],43
C,C[7],7747.0808686920045
DM1[347],R,1465
DM1,DM1[348],
DM1[348],C,
C,C[0],73
C,C[1],12
C,C[2],67
C,C[3],69
C,C[4],3281.8668332787761
C,C[5],8.2176854183613965
C,C[6],19
C,C[7],3333.554431023184
DM1[348],R,1465
DM1,DM1[349],
DM1[349],C,
C,C[0],74
C,C[1],68
C,C[2],70
C,C[3],7055.0856907085245
C,C[4],27.857421791478352
C,C[5],3
C,C[6],7230.3033022925647
DM1[349],R,1469
DM1,DM1[350],
DM1[350],C,
C,C[0],75
C,C[1],69
C,C[2],71
C,C[3],0
C,C[4],0
C,C[5],0
DM1[350],R,9661
DM1,DM1[351],
DM1[351],C,
C,C[0],76
C,C[1],70
C,C[2],72
C,C[3],1433.0449475743183
C,C[4],22.496741586264363
C,C[5],1574.544952803604
DM1[351],R,9661
DM1,DM1[352],
DM1[352],C,
C,C[0],77
C,C[1],2
C,C[2],1
C,C[3],2
C,C[4],4
C,C[5],1
C,C[6],6149.547255782526
C,C[7],8236.7247959268771
C,C[8],158
C,C[9],57956.898877203384
DM1[352],R,257
DM1[352],Ø,1600
DM1,DM1[353],
DM1[353],C,
C,C[0],78
C,C[1],8
C,C[2],3
C,C[3],71
C,C[4],73
C,C[5],0
C,C[6],6355.1451328875237
C,C[7],23.987402851775823
C,C[8],5
C,C[9],6506.0210993446235
DM1[353],R,257
DM1[353],Ø,176
DM1,DM1[354],
DM1[354],C,
C,C[0],79
C,C[1],2
C,C[2],0
C,C[3],2
C,C[4],4
C,C[5],1
C,C[6],652.31319439578715
C,C[7],467.79915443467786
C,C[8],3594.6763159590232
DM1[354],R,257
DM1[354],Ø,9792
DM1,DM1[355],
DM1[355],C,
C,C[0],80
C,C[1],1172.4421045810745
C,C[2],1646.0997091585609
C,C[3],11526.080055246588
DM1[355],R,10237
DM1,DM1[356],
DM1[356],C,
C,C[0],81
C,C[1],594.38306004625849
C,C[2],807.00207862215052
C,C[3],5670.26473416386
DM1[356],R,10237
DM1,DM1[357],
DM1[357],C,
C,C[0],82
C,C[1],862.89720025366159
C,C[2],1148.9264947584052
C,C[3],8089.4150669850787
DM1[357],R,10237
DM1,DM1[358],
DM1[358],C,
C,C[0],83
C,C[1],1324.8800018389827
C,C[2],1710.7286186082413
C,C[3],12085.020867161098
DM1[358],R,10237
DM1,DM1[359],
DM1[359],C,
C,C[0],84
C,C[1],429.75621665170348
C,C[2],536.11999849109043
C,C[3],3801.843783160964
DM1[359],R,10237
DM1,DM1[360],
DM1[360],C,
C,C[0],85
C,C[1],3
C,C[2],5
C,C[3],4
C,C[4],0
C,C[5],26
C,C[6],0
DM1[360],R,1869
DM1[360],Ø,2048
DM1,DM1[361],
DM1[361],C,
C,C[0],86
C,C[1],0
C,C[2],1
C,C[3],2
C,C[4],6
C,C[5],5
C,C[6],621.50698
C,C[7],8
C,C[8],3909.1546028039998
DM1[361],R,3905
DM1,DM1[362],
DM1[362],C,
C,C[0],1754438400000
C,C[1],25235.835912597482
C,C[2],551.72169560268821
C,C[3],28706.05503359927
DM1[362],R,1856
DM1[362],Ø,8382
DM1,DM1[363],
DM1[363],C,
C,C[0],0
C,C[1],0
C,C[2],0
C,C[3],0
C,C[4],0
C,C[5],0
C,C[6],1644.3015974531
C,C[7],28
C,C[8],10342.328187660507
DM1[363],R,1857
DM1[363],Ø,2048
DM1,DM1[364],
DM1[364],C,
C,C[0],1
C,C[1],1
C,C[2],1
C,C[3],1
C,C[4],1
C,C[5],1
C,C[6],614.11637999999982
C,C[7],33
C,C[8],3862.6692069239984
DM1[364],R,3905
DM1,DM1[365],
DM1[365],C,
C,C[0],2
C,C[1],0
C,C[2],0
C,C[3],0
C,C[4],2
C,C[5],2
C,C[6],3294.2212889995344
C,C[7],13
C,C[8],20719.993063549271
DM1[365],R,3905
DM1,DM1[366],
DM1[366],C,
C,C[0],3
C,C[1],3
C,C[2],3
C,C[3],3359.7770835473666
C,C[4],12
C,C[5],21132.325900096224
DM1[366],R,3933
DM1,DM1[367],
DM1[367],C,
C,C[0],4
C,C[1],2
C,C[2],2
C,C[3],0
C,C[4],0
C,C[5],0
C,C[6],43789.154428078284
C,C[7],2942.2509799999993
C,C[8],50
C,C[9],62295.324642082276
DM1[367],R,257
DM1[367],Ø,176
DM1,DM1[368],
DM1[368],C,
C,C[0],5
C,C[1],1
C,C[2],1
C,C[3],133968.33564880164
C,C[4],5142.4690100000007
C,C[5],166313.43722789962
DM1[368],R,9661
DM1,DM1[369],
DM1[369],C,
C,C[0],6
C,C[1],2
C,C[2],2
C,C[3],186082.77558786579
C,C[4],7405.9442299999992
C,C[5],57
C,C[6],232664.68360571979
DM1[369],R,1469
DM1,DM1[370],
DM1[370],C,
C,C[0],7
C,C[1],3
C,C[2],3
C,C[3],31487.349665376005
C,C[4],694.16047
C,C[5],71
C,C[6],35853.480189582013
DM1[370],R,1469
DM1,DM1[371],
DM1[371],C,
C,C[0],8
C,C[1],4
C,C[2],4
C,C[3],38865.343898907253
C,C[4],653.35470000000009
C,C[5],67
C,C[6],42974.814290967253
DM1[371],R,1469
DM1,DM1[372],
DM1[372],C,
C,C[0],9
C,C[1],3
C,C[2],5
C,C[3],5
C,C[4],42612.662741484004
C,C[5],349.1826
C,C[6],15
C,C[7],44808.951458964009
DM1[372],R,1465
DM1,DM1[373],
DM1[373],C,
C,C[0],10
C,C[1],2
C,C[2],6
C,C[3],6
C,C[4],158675.40250281716
C,C[5],6032.1812800000007
C,C[6],61
C,C[7],196616.61631776116
DM1[373],R,1465
DM1,DM1[374],
DM1[374],C,
C,C[0],11
C,C[1],7
C,C[2],7
C,C[3],18507.788799686998
C,C[4],854.8839999999999
C,C[5],47
C,C[6],23884.838182887
DM1[374],R,1469
DM1,DM1[375],
DM1[375],C,
C,C[0],12
C,C[1],8
C,C[2],8
C,C[3],0
C,C[4],0
C,C[5],49
C,C[6],0
DM1[375],R,1469
DM1,DM1[376],
DM1[376],C,
C,C[0],13
C,C[1],9
C,C[2],9
C,C[3],68525.5941315
C,C[4],705.18951999999979
C,C[5],48
C,C[6],72961.095174395974
DM1[376],R,1469
DM1,DM1[377],
DM1[377],C,
C,C[0],14
C,C[1],4
C,C[2],10
C,C[3],10
C,C[4],42979.607157563994
C,C[5],1618.0006199999998
C,C[6],31
C,C[7],53156.50745724
DM1[377],R,1465
DM1,DM1[378],
DM1[378],C,
C,C[0],15
C,C[1],2
C,C[2],11
C,C[3],11
C,C[4],63470.806047792008
C,C[5],3074.944
C,C[6],54
C,C[7],82811.588818992022
DM1[378],R,1465
DM1,DM1[379],
DM1[379],C,
C,C[0],16
C,C[1],12
C,C[2],12
C,C[3],105701.61455325116
C,C[4],6652.80997
C,C[5],51
C,C[6],147546.4587025572
DM1[379],R,1469
DM1,DM1[380],
DM1[380],C,
C,C[0],17
C,C[1],5
C,C[2],13
C,C[3],13
C,C[4],26150.482556259609
C,C[5],391.17389999999995
C,C[6],27
C,C[7],28610.888152479605
DM1[380],R,1465
DM1,DM1[381],
DM1[381],C,
C,C[0],18
C,C[1],2
C,C[2],14
C,C[3],14
C,C[4],98525.123949027591
C,C[5],5652.0124000000014
C,C[6],47
C,C[7],134075.1515425476
DM1[381],R,1465
DM1,DM1[382],
DM1[382],C,
C,C[0],19
C,C[1],15
C,C[2],15
C,C[3],126244.83603962998
C,C[4],5294.9820599999994
C,C[5],51
C,C[6],159549.214200618
DM1[382],R,1469
DM1,DM1[383],
DM1[383],C,
C,C[0],20
C,C[1],16
C,C[2],16
C,C[3],0
C,C[4],0
C,C[5],49
C,C[6],0
DM1[383],R,1469
DM1,DM1[384],
DM1[384],C,
C,C[0],21
C,C[1],17
C,C[2],17
C,C[3],93671.26981725177
C,C[4],4189.42166
C,C[5],47
C,C[6],120021.89417431975
DM1[384],R,1469
DM1,DM1[385],
DM1[385],C,
C,C[0],22
C,C[1],18
C,C[2],18
C,C[3],0
C,C[4],0
C,C[5],36
C,C[6],0
DM1[385],R,1469
DM1,DM1[386],
DM1[386],C,
C,C[0],23
C,C[1],19
C,C[2],19
C,C[3],61020.141779322
C,C[4],2882.6041800000003
C,C[5],45
C,C[6],79151.145550686
DM1[386],R,1469
DM1,DM1[387],
DM1[387],C,
C,C[0],24
C,C[1],20
C,C[2],20
C,C[3],105684.6372445974
C,C[4],5806.46629
C,C[5],51
C,C[6],142206.14891543941
DM1[387],R,1469
DM1,DM1[388],
DM1[388],C,
C,C[0],90
C,C[1],13
C,C[2],75
C,C[3],77
C,C[4],7162.2569704857588
C,C[5],75.131920000000008
C,C[6],47
C,C[7],7634.8217209017594
DM1[388],R,1465
DM1,DM1[389],
DM1[389],C,
C,C[0],25
C,C[1],6
C,C[2],21
C,C[3],21
C,C[4],28724.69892599999
C,C[5],430.79900000000004
C,C[6],57
C,C[7],31434.3384762
DM1[389],R,1465
DM1,DM1[390],
DM1[390],C,
C,C[0],26
C,C[1],7
C,C[2],22
C,C[3],22
C,C[4],34023.712962030004
C,C[5],336.982
C,C[6],48
C,C[7],36143.26234563
DM1[390],R,1465
DM1,DM1[391],
DM1[391],C,
C,C[0],27
C,C[1],2
C,C[2],23
C,C[3],23
C,C[4],175453.77942230282
C,C[5],11386.947459999998
C,C[6],69
C,C[7],247075.40155621077
DM1[391],R,1465
DM1,DM1[392],
DM1[392],C,
C,C[0],28
C,C[1],24
C,C[2],24
C,C[3],179674.72702719292
C,C[4],11618.047950000004
C,C[5],53
C,C[6],252749.92502310287
DM1[392],R,1469
DM1,DM1[393],
DM1[393],C,
C,C[0],29
C,C[1],25
C,C[2],25
C,C[3],21539.788033238252
C,C[4],808.5523003417328
C,C[5],49
C,C[6],26625.42029192768
DM1[393],R,1469
DM1,DM1[394],
DM1[394],C,
C,C[0],30
C,C[1],26
C,C[2],26
C,C[3],47552.281763071805
C,C[4],3178.3202800000004
C,C[5],39
C,C[6],67543.280660215809
DM1[394],R,1469
DM1,DM1[395],
DM1[395],C,
C,C[0],31
C,C[1],27
C,C[2],27
C,C[3],178463.9121821023
C,C[4],11572.0366
C,C[5],48
C,C[6],251249.70798878229
DM1[395],R,1469
DM1,DM1[396],
DM1[396],C,
C,C[0],32
C,C[1],8
C,C[2],28
C,C[3],28
C,C[4],7260.5789942519368
C,C[5],23.240902739168625
C,C[6],24
C,C[7],7406.7596243007592
DM1[396],R,1465
DM1,DM1[397],
DM1[397],C,
C,C[0],33
C,C[1],9
C,C[2],3
C,C[3],29
C,C[4],29
C,C[5],51239.438812709974
C,C[6],55.010155434075664
C,C[7],25
C,C[8],51585.441688359242
DM1[397],R,1457
DM1,DM1[398],
DM1[398],C,
C,C[0],34
C,C[1],30
C,C[2],5146.8343338919376
C,C[3],3.0334591283926198
C,C[4],22
C,C[5],5165.914185117701
DM1[398],R,1533
DM1,DM1[399],
DM1[399],C,
C,C[0],35
C,C[1],30
C,C[2],31
C,C[3],40469.170751579913
C,C[4],100.73227543753174
C,C[5],18
C,C[6],41102.756617626896
DM1[399],R,1469
DM1,DM1[400],
DM1[400],C,
C,C[0],36
C,C[1],10
C,C[2],31
C,C[3],32
C,C[4],2.248
C,C[5],9
C,C[6],14.1394704
DM1[400],R,1465
DM1[400],Ø,2048
DM1,DM1[401],
DM1[401],C,
C,C[0],37
C,C[1],11
C,C[2],4
C,C[3],32
C,C[4],33
C,C[5],3778.6487481128643
C,C[6],64.235159999999979
C,C[7],16
C,C[8],4182.6750574808648
DM1[401],R,1457
DM1,DM1[402],
DM1[402],C,
C,C[0],38
C,C[1],2
C,C[2],33
C,C[3],34
C,C[4],0
C,C[5],0
C,C[6],19
C,C[7],0
DM1[402],R,1465
DM1,DM1[403],
DM1[403],C,
C,C[0],39
C,C[1],2
C,C[2],34
C,C[3],35
C,C[4],48
DM1[403],R,23989
DM1,DM1[404],
DM1[404],C,
C,C[0],40
C,C[1],4
C,C[2],35
C,C[3],36
C,C[4],36677.830796110924
C,C[5],685.31918
C,C[6],38
C,C[7],40988.351374474929
DM1[404],R,1461
DM1,DM1[405],
DM1[405],C,
C,C[0],41
C,C[1],2
C,C[2],36
C,C[3],37
C,C[4],23331.429532356
C,C[5],303.11272000000008
C,C[6],65
C,C[7],25237.947918612
DM1[405],R,1461
DM1,DM1[406],
DM1[406],C,
C,C[0],42
C,C[1],37
C,C[2],38
C,C[3],24431.458944156002
C,C[4],350.30376
C,C[5],57
C,C[6],26634.799533804002
DM1[406],R,1469
DM1,DM1[407],
DM1[407],C,
C,C[0],43
C,C[1],7
C,C[2],38
C,C[3],39
C,C[4],34275.103940022
C,C[5],1333.3076699999992
C,C[6],62
C,C[7],42661.342522788014
DM1[407],R,1465
DM1,DM1[408],
DM1[408],C,
C,C[0],44
C,C[1],2
C,C[2],4
C,C[3],39
C,C[4],40
C,C[5],11434.850145510936
C,C[6],126.64156
C,C[7],31
C,C[8],12231.400229598936
DM1[408],R,1457
DM1,DM1[409],
DM1[409],C,
C,C[0],45
C,C[1],40
C,C[2],41
C,C[3],2811.351906
C,C[4],187.94687000000002
C,C[5],28
C,C[6],3993.5001289260008
DM1[409],R,1469
DM1,DM1[410],
DM1[410],C,
C,C[0],46
C,C[1],5
C,C[2],41
C,C[3],42
C,C[4],49023.355722123015
C,C[5],786.02161
C,C[6],34
C,C[7],53967.274444701026
DM1[410],R,1461
DM1,DM1[411],
DM1[411],C,
C,C[0],47
C,C[1],2
C,C[2],42
C,C[3],43
C,C[4],22747.038590016837
C,C[5],201.76169999999996
C,C[6],54
C,C[7],24016.079330676839
DM1[411],R,1461
DM1,DM1[412],
DM1[412],C,
C,C[0],48
C,C[1],4
C,C[2],43
C,C[3],44
C,C[4],24640.537495461755
C,C[5],642.78881000000013
C,C[6],20
C,C[7],28683.550552599754
DM1[412],R,1461
DM1,DM1[413],
DM1[413],C,
C,C[0],49
C,C[1],44
C,C[2],45
C,C[3],19284.644397987893
C,C[4],435.75676000000004
C,C[5],37
C,C[6],22025.467267035892
DM1[413],R,1469
DM1,DM1[414],
DM1[414],C,
C,C[0],50
C,C[1],2
C,C[2],45
C,C[3],46
C,C[4],34929.3822075
C,C[5],312.1081
C,C[6],53
C,C[7],36892.47973488
DM1[414],R,1461
DM1,DM1[415],
DM1[415],C,
C,C[0],51
C,C[1],46
C,C[2],47
C,C[3],64282.32451786763
C,C[4],1957.6006040555787
C,C[5],44
C,C[6],76595.240797256411
DM1[415],R,1469
DM1,DM1[416],
DM1[416],C,
C,C[0],52
C,C[1],10
C,C[2],6
C,C[3],47
C,C[4],48
C,C[5],5686.1202886255678
C,C[6],36.994787254299908
C,C[7],7
C,C[8],5918.8101014976637
DM1[416],R,1457
DM1,DM1[417],
DM1[417],C,
C,C[0],53
C,C[1],2
C,C[2],2
C,C[3],48
C,C[4],49
C,C[5],26808.130823099997
C,C[6],3157.9700000000003
C,C[7],44
C,C[8],46671.130529099988
DM1[417],R,1457
DM1,DM1[418],
DM1[418],C,
C,C[0],54
C,C[1],10
C,C[2],49
C,C[3],50
C,C[4],1726.0213710004318
C,C[5],12.264372745700095
C,C[6],38
C,C[7],1803.1618226963362
DM1[418],R,1465
DM1,DM1[419],
DM1[419],C,
C,C[0],55
C,C[1],2
C,C[2],50
C,C[3],51
C,C[4],102281.20248772258
C,C[5],5679.9347199999993
C,C[6],62
C,C[7],138006.85588957858
DM1[419],R,1465
DM1,DM1[420],
DM1[420],C,
C,C[0],56
C,C[1],51
C,C[2],52
C,C[3],130426.069841892
C,C[4],5466.00572
C,C[5],51
C,C[6],164806.15261954797
DM1[420],R,1469
DM1,DM1[421],
DM1[421],C,
C,C[0],57
C,C[1],52
C,C[2],53
C,C[3],90154.938501418
C,C[4],2711.4338700000003
C,C[5],67
C,C[6],107209.315256944
DM1[421],R,1469
DM1,DM1[422],
DM1[422],C,
C,C[0],58
C,C[1],53
C,C[2],54
C,C[3],94984.16501240783
C,C[4],3969.6836
C,C[5],47
C,C[6],119952.68091968783
DM1[422],R,1469
DM1,DM1[423],
DM1[423],C,
C,C[0],59
C,C[1],54
C,C[2],55
C,C[3],153177.37053986517
C,C[4],5379.7547099999992
C,C[5],56
C,C[6],187014.9517148232
DM1[423],R,1469
DM1,DM1[424],
DM1[424],C,
C,C[0],60
C,C[1],55
C,C[2],56
C,C[3],159867.17716323904
C,C[4],2758.2109499999992
C,C[5],47
C,C[6],177215.77239654903
DM1[424],R,1469
DM1,DM1[425],
DM1[425],C,
C,C[0],61
C,C[1],56
C,C[2],57
C,C[3],110260.250769395
C,C[4],4705.23983
C,C[5],43
C,C[6],139855.268252129
DM1[425],R,1469
DM1,DM1[426],
DM1[426],C,
C,C[0],62
C,C[1],57
C,C[2],58
C,C[3],112955.91641785215
C,C[4],6202.9209
C,C[5],151971.04829467216
DM1[426],R,9661
DM1,DM1[427],
DM1[427],C,
C,C[0],63
C,C[1],58
C,C[2],59
C,C[3],108577.99788634889
C,C[4],4738.9723499999982
C,C[5],64
C,C[6],138385.18617337893
DM1[427],R,1469
DM1,DM1[428],
DM1[428],C,
C,C[0],64
C,C[1],59
C,C[2],60
C,C[3],133950.68003259259
C,C[4],5711.03321
C,C[5],43
C,C[6],169871.93671685056
DM1[428],R,1469
DM1,DM1[429],
DM1[429],C,
C,C[0],65
C,C[1],12
C,C[2],3
C,C[3],60
C,C[4],61
C,C[5],176.99061088369996
C,C[6],0.63086345601842486
C,C[7],5
C,C[8],180.95861584936463
DM1[429],R,1457
DM1,DM1[430],
DM1[430],C,
C,C[0],66
C,C[1],62
C,C[2],2662.8872541223768
C,C[3],7.0836901641953149
C,C[4],3
C,C[5],2707.4422485171326
DM1[430],R,1533
DM1,DM1[431],
DM1[431],C,
C,C[0],67
C,C[1],61
C,C[2],63
C,C[3],4081.8099725916336
C,C[4],9.2976582739552551
C,C[5],4140.2903836031574
DM1[431],R,1469
DM1[431],Ø,8192
DM1,DM1[432],
DM1[432],C,
C,C[0],87
C,C[1],72
C,C[2],74
C,C[3],0
C,C[4],13
C,C[5],0
DM1[432],R,1469
DM1[432],Ø,2048
DM1,DM1[433],
DM1[433],C,
C,C[0],88
C,C[1],73
C,C[2],75
C,C[3],0
DM1[433],R,30141
DM1,DM1[434],
DM1[434],C,
C,C[0],68
C,C[1],11
C,C[2],62
C,C[3],64
C,C[4],8705.5420807815317
C,C[5],265.76131999999996
C,C[6],45
C,C[7],10377.127631317528
DM1[434],R,1465
DM1,DM1[435],
DM1[435],C,
C,C[0],69
C,C[1],2
C,C[2],63
C,C[3],65
C,C[4],0
C,C[5],33
C,C[6],0
DM1[435],R,1465
DM1[435],Ø,4096
DM1,DM1[436],
DM1[436],C,
C,C[0],70
C,C[1],64
C,C[2],66
C,C[3],2049.8237
C,C[4],7
C,C[5],12892.981108259999
DM1[436],R,3517
DM1,DM1[437],
DM1[437],C,
C,C[0],71
C,C[1],65
C,C[2],67
C,C[3],2020.9253196
C,C[4],3360.32692
C,C[5],26
C,C[6],23156.709581015995
DM1[437],R,1469
DM1,DM1[438],
DM1[438],C,
C,C[0],72
C,C[1],66
C,C[2],68
C,C[3],0
C,C[4],13
C,C[5],0
DM1[438],R,1469
DM1[438],Ø,4096
DM1,DM1[439],
DM1[439],C,
C,C[0],89
C,C[1],11
C,C[2],74
C,C[3],76
C,C[4],3164.98699961136
C,C[5],46.794680000000078
C,C[6],43
C,C[7],3459.3161778753606
DM1[439],R,1465
DM1,DM1[440],
DM1[440],C,
C,C[0],73
C,C[1],12
C,C[2],67
C,C[3],69
C,C[4],3402.2648253848433
C,C[5],7.8967237594875153
C,C[6],19
C,C[7],3451.9336384872677
DM1[440],R,1465
DM1,DM1[441],
DM1[441],C,
C,C[0],74
C,C[1],68
C,C[2],70
C,C[3],6663.6993225880642
C,C[4],25.644533049934868
C,C[5],3
C,C[6],6824.9983065655433
DM1[441],R,1469
DM1,DM1[442],
DM1[442],C,
C,C[0],75
C,C[1],69
C,C[2],71
C,C[3],0
C,C[4],0
C,C[5],0
DM1[442],R,9661
DM1,DM1[443],
DM1[443],C,
C,C[0],76
C,C[1],70
C,C[2],72
C,C[3],1560.9852061668405
C,C[4],22.084201296408622
C,C[5],1699.8904154809911
DM1[443],R,9661
DM1,DM1[444],
DM1[444],C,
C,C[0],77
C,C[1],2
C,C[2],1
C,C[3],2
C,C[4],4
C,C[5],1
C,C[6],5120.4555636217119
C,C[7],5930.7371172862722
C,C[8],158
C,C[9],42423.605883928896
DM1[444],R,257
DM1[444],Ø,1600
DM1,DM1[445],
DM1[445],C,
C,C[0],78
C,C[1],8
C,C[2],3
C,C[3],71
C,C[4],73
C,C[5],0
C,C[6],6379.3554897480626
C,C[7],24.03259726083138
C,C[8],5
C,C[9],6530.5157199992391
DM1[445],R,257
DM1[445],Ø,176
DM1,DM1[446],
DM1[446],C,
C,C[0],79
C,C[1],2
C,C[2],0
C,C[3],2
C,C[4],4
C,C[5],1
C,C[6],556.78844325282409
C,C[7],335.77602984589163
C,C[8],2668.7525157775135
DM1[446],R,257
DM1[446],Ø,9792
DM1,DM1[447],
DM1[447],C,
C,C[0],80
C,C[1],1142.2767944088434
C,C[2],1640.2332035085583
C,C[3],11459.015597836973
DM1[447],R,10237
DM1,DM1[448],
DM1[448],C,
C,C[0],81
C,C[1],588.79472035954814
C,C[2],815.16926948217736
C,C[3],5716.046391548547
DM1[448],R,10237
DM1,DM1[449],
DM1[449],C,
C,C[0],82
C,C[1],969.85058553583019
C,C[2],1336.3348894150911
C,C[3],9375.12977297887
DM1[449],R,10237
DM1,DM1[450],
DM1[450],C,
C,C[0],83
C,C[1],1295.5681410974048
C,C[2],1708.5978725740902
C,C[3],12042.307040013915
DM1[450],R,10237
DM1,DM1[451],
DM1[451],C,
C,C[0],84
C,C[1],454.73069172383572
C,C[2],580.18204788792173
C,C[3],4103.9597365292857
DM1[451],R,10237
DM1,DM1[452],
DM1[452],C,
C,C[0],85
C,C[1],3
C,C[2],5
C,C[3],4
C,C[4],0
C,C[5],26
C,C[6],0
DM1[452],R,1869
DM1[452],Ø,2048
DM1,DM1[453],
DM1[453],C,
C,C[0],86
C,C[1],0
C,C[2],1
C,C[3],2
C,C[4],6
C,C[5],5
C,C[6],623.62652
C,C[7],8
C,C[8],3922.4860854959998
DM1[453],R,3905
DM1,DM1[454],
DM1[454],C,
C,C[0],1754352000000
C,C[1],32510.351028192035
C,C[2],777.04837534856961
C,C[3],37397.829899459466
DM1[454],R,1856
DM1[454],Ø,8382
DM1,DM1[455],
DM1[455],C,
C,C[0],0
C,C[1],0
C,C[2],0
C,C[3],0
C,C[4],0
C,C[5],0
C,C[6],1606.103593829956
C,C[7],28
C,C[8],10102.070384471657
DM1[455],R,1857
DM1[455],Ø,2048
DM1,DM1[456],
DM1[456],C,
C,C[0],1
C,C[1],1
C,C[2],1
C,C[3],1
C,C[4],1
C,C[5],1
C,C[6],605.65829000000008
C,C[7],33
C,C[8],3809.4695124420005
DM1[456],R,3905
DM1,DM1[457],
DM1[457],C,
C,C[0],2
C,C[1],0
C,C[2],0
C,C[3],0
C,C[4],2
C,C[5],2
C,C[6],3276.0285146954106
C,C[7],13
C,C[8],20605.564151731192
DM1[457],R,3905
DM1,DM1[458],
DM1[458],C,
C,C[0],3
C,C[1],3
C,C[2],3
C,C[3],3275.2956414746318
C,C[4],12
C,C[5],20600.954525747136
DM1[458],R,3933
DM1,DM1[459],
DM1[459],C,
C,C[0],4
C,C[1],2
C,C[2],2
C,C[3],0
C,C[4],0
C,C[5],0
C,C[6],43763.221820715771
C,C[7],2924.6286999999998
C,C[8],50
C,C[9],62158.551417975767
DM1[459],R,257
DM1[459],Ø,176
DM1,DM1[460],
DM1[460],C,
C,C[0],5
C,C[1],1
C,C[2],1
C,C[3],151071.31632185049
C,C[4],5848.6548200000016
C,C[5],187858.18540868649
DM1[460],R,9661
DM1,DM1[461],
DM1[461],C,
C,C[0],6
C,C[1],2
C,C[2],2
C,C[3],186434.92889774905
C,C[4],7389.98641
C,C[5],57
C,C[6],232916.46541936704
DM1[461],R,1469
DM1,DM1[462],
DM1[462],C,
C,C[0],7
C,C[1],3
C,C[2],3
C,C[3],28570.994529897594
C,C[4],620.79356999999993
C,C[5],71
C,C[6],32475.661926483597
DM1[462],R,1469
DM1,DM1[463],
DM1[463],C,
C,C[0],8
C,C[1],4
C,C[2],4
C,C[3],39834.308482364875
C,C[4],712.89250000000015
C,C[5],67
C,C[6],44318.259728864876
DM1[463],R,1469
DM1,DM1[464],
DM1[464],C,
C,C[0],9
C,C[1],3
C,C[2],5
C,C[3],5
C,C[4],42425.824823725205
C,C[5],352.23269999999997
C,C[6],15
C,C[7],44641.2980601852
DM1[464],R,1465
DM1,DM1[465],
DM1[465],C,
C,C[0],10
C,C[1],2
C,C[2],6
C,C[3],6
C,C[4],158607.57667434649
C,C[5],6030.8372199999994
C,C[6],61
C,C[7],196540.3366207025
DM1[465],R,1465
DM1,DM1[466],
DM1[466],C,
C,C[0],11
C,C[1],7
C,C[2],7
C,C[3],18999.657757687193
C,C[4],854.808
C,C[5],47
C,C[6],24376.229116087194
DM1[466],R,1469
DM1,DM1[467],
DM1[467],C,
C,C[0],12
C,C[1],8
C,C[2],8
C,C[3],0
C,C[4],0
C,C[5],49
C,C[6],0
DM1[467],R,1469
DM1,DM1[468],
DM1[468],C,
C,C[0],13
C,C[1],9
C,C[2],9
C,C[3],66780.109922037591
C,C[4],693.55902999999989
C,C[5],48
C,C[6],71142.457508931577
DM1[468],R,1469
DM1,DM1[469],
DM1[469],C,
C,C[0],14
C,C[1],4
C,C[2],10
C,C[3],10
C,C[4],43645.5390784248
C,C[5],1615.9442800000002
C,C[6],31
C,C[7],53809.5054107688
DM1[469],R,1465
DM1,DM1[470],
DM1[470],C,
C,C[0],15
C,C[1],2
C,C[2],11
C,C[3],11
C,C[4],63870.870600834009
C,C[5],3080.0504400000004
C,C[6],54
C,C[7],83243.771858346
DM1[470],R,1465
DM1,DM1[471],
DM1[471],C,
C,C[0],16
C,C[1],12
C,C[2],12
C,C[3],105876.26984544717
C,C[4],6663.9398
C,C[5],51
C,C[6],147791.11839948714
DM1[471],R,1469
DM1,DM1[472],
DM1[472],C,
C,C[0],17
C,C[1],5
C,C[2],13
C,C[3],13
C,C[4],26152.450659838803
C,C[5],386.11591
C,C[6],27
C,C[7],28581.042510556807
DM1[472],R,1465
DM1,DM1[473],
DM1[473],C,
C,C[0],18
C,C[1],2
C,C[2],14
C,C[3],14
C,C[4],98435.699774214008
C,C[5],5658.39065
C,C[6],47
C,C[7],134025.84528458398
DM1[473],R,1465
DM1,DM1[474],
DM1[474],C,
C,C[0],19
C,C[1],15
C,C[2],15
C,C[3],125583.40082258519
C,C[4],5278.87018
C,C[5],51
C,C[6],158786.43848074917
DM1[474],R,1469
DM1,DM1[475],
DM1[475],C,
C,C[0],20
C,C[1],16
C,C[2],16
C,C[3],0
C,C[4],0
C,C[5],49
C,C[6],0
DM1[475],R,1469
DM1,DM1[476],
DM1[476],C,
C,C[0],21
C,C[1],17
C,C[2],17
C,C[3],93826.14486778526
C,C[4],4199.1054500000009
C,C[5],47
C,C[6],120237.67832719523
DM1[476],R,1469
DM1,DM1[477],
DM1[477],C,
C,C[0],22
C,C[1],18
C,C[2],18
C,C[3],0
C,C[4],0
C,C[5],36
C,C[6],0
DM1[477],R,1469
DM1,DM1[478],
DM1[478],C,
C,C[0],23
C,C[1],19
C,C[2],19
C,C[3],60545.225536857593
C,C[4],2842.34442
C,C[5],45
C,C[6],78423.0034697736
DM1[478],R,1469
DM1,DM1[479],
DM1[479],C,
C,C[0],24
C,C[1],20
C,C[2],20
C,C[3],105904.9536795426
C,C[4],5849.6323399999992
C,C[5],51
C,C[6],142697.97117167461
DM1[479],R,1469
DM1,DM1[480],
DM1[480],C,
C,C[0],90
C,C[1],13
C,C[2],75
C,C[3],77
C,C[4],7426.0300868362083
C,C[5],76.26404
C,C[6],47
C,C[7],7905.7156456282082
DM1[480],R,1465
DM1,DM1[481],
DM1[481],C,
C,C[0],25
C,C[1],6
C,C[2],21
C,C[3],21
C,C[4],27765.756018000004
C,C[5],431.76999999999992
C,C[6],57
C,C[7],30481.502963999996
DM1[481],R,1465
DM1,DM1[482],
DM1[482],C,
C,C[0],26
C,C[1],7
C,C[2],22
C,C[3],22
C,C[4],33550.894543979994
C,C[5],330.24300000000005
C,C[6],48
C,C[7],35628.05696538
DM1[482],R,1465
DM1,DM1[483],
DM1[483],C,
C,C[0],27
C,C[1],2
C,C[2],23
C,C[3],23
C,C[4],156219.51415123948
C,C[5],10228.617470000001
C,C[6],69
C,C[7],220555.4723140455
DM1[483],R,1465
DM1,DM1[484],
DM1[484],C,
C,C[0],28
C,C[1],24
C,C[2],24
C,C[3],179892.69277574387
C,C[4],11615.898150000003
C,C[5],53
C,C[6],252954.3689596139
DM1[484],R,1469
DM1,DM1[485],
DM1[485],C,
C,C[0],29
C,C[1],25
C,C[2],25
C,C[3],29749.244262412394
C,C[4],1048.442911768801
C,C[5],49
C,C[6],36343.7404888558
DM1[485],R,1469
DM1,DM1[486],
DM1[486],C,
C,C[0],30
C,C[1],26
C,C[2],26
C,C[3],47560.1212125468
C,C[4],3179.33987
C,C[5],39
C,C[6],67557.53312687279
DM1[486],R,1469
DM1,DM1[487],
DM1[487],C,
C,C[0],31
C,C[1],27
C,C[2],27
C,C[3],141029.0089753003
C,C[4],9304.9216
C,C[5],48
C,C[6],199555.10485498028
DM1[487],R,1469
DM1,DM1[488],
DM1[488],C,
C,C[0],32
C,C[1],8
C,C[2],28
C,C[3],28
C,C[4],7452.7279977176568
C,C[5],22.851679661995068
C,C[6],24
C,C[7],7596.4604924556743
DM1[488],R,1465
DM1,DM1[489],
DM1[489],C,
C,C[0],33
C,C[1],9
C,C[2],3
C,C[3],29
C,C[4],29
C,C[5],51627.14197885889
C,C[6],55.716963109314271
C,C[7],25
C,C[8],51977.590533423841
DM1[489],R,1457
DM1,DM1[490],
DM1[490],C,
C,C[0],34
C,C[1],30
C,C[2],5185.7778510953076
C,C[3],3.072435062518819
C,C[4],22
C,C[5],5205.1028531515385
DM1[490],R,1533
DM1,DM1[491],
DM1[491],C,
C,C[0],35
C,C[1],30
C,C[2],31
C,C[3],40775.380694455329
C,C[4],102.02655182816693
C,C[5],18
C,C[6],41417.107300144133
DM1[491],R,1469
DM1,DM1[492],
DM1[492],C,
C,C[0],36
C,C[1],10
C,C[2],31
C,C[3],32
C,C[4],2.248
C,C[5],9
C,C[6],14.1394704
DM1[492],R,1465
DM1[492],Ø,2048
DM1,DM1[493],
DM1[493],C,
C,C[0],37
C,C[1],11
C,C[2],4
C,C[3],32
C,C[4],33
C,C[5],4480.5388072672495
C,C[6],72.26483
C,C[7],16
C,C[8],4935.07013500125
DM1[493],R,1457
DM1,DM1[494],
DM1[494],C,
C,C[0],38
C,C[1],2
C,C[2],33
C,C[3],34
C,C[4],0
C,C[5],0
C,C[6],19
C,C[7],0
DM1[494],R,1465
DM1,DM1[495],
DM1[495],C,
C,C[0],39
C,C[1],2
C,C[2],34
C,C[3],35
C,C[4],48
DM1[495],R,23989
DM1,DM1[496],
DM1[496],C,
C,C[0],40
C,C[1],4
C,C[2],35
C,C[3],36
C,C[4],36692.621520472734
C,C[5],701.92371
C,C[6],38
C,C[7],41107.581271630734
DM1[496],R,1461
DM1,DM1[497],
DM1[497],C,
C,C[0],41
C,C[1],2
C,C[2],36
C,C[3],37
C,C[4],24050.860818929996
C,C[5],324.94799
C,C[6],65
C,C[7],26094.718686431996
DM1[497],R,1461
DM1,DM1[498],
DM1[498],C,
C,C[0],42
C,C[1],37
C,C[2],38
C,C[3],23751.348908363998
C,C[4],404.44239
C,C[5],57
C,C[6],26295.210652985992
DM1[498],R,1469
DS[0],IC,False
DS[0],RT,
RT,RT[0],
RT[0],RT[0][0],False
RT,RT[1],
RT[1],RT[1][0],datetime'2025-08-05T00:00:00'
RT[1],RT[1][1],'PETROBRAS 48'
RT[1],RT[1][2],'Petrobras'
RT[1],RT[1][3],'FPSO'
RT[1],RT[1][4],None
RT[1],RT[1][5],None
RT[1],RT[1][6],"'CARATINGA(28/02/2005), BARRACUDA(01/01/2005)'"
RT[1],RT[1][7],None
RT[1],RT[1][8],None
RT[1],RT[1][9],'P-48'
RT[1],RT[1][10],'ATIVO'
DS[0],ValueDicts,
ValueDicts,D0,
D0,D0[0],Estação Coletora de Gavião Real
D0,D0[1],Estação Coletora de Pilar
D0,D0[2],Estação de Produção e Escoamento de Gavião Branco
D0,D0[3],Estação Produtora de Gavião Preto
D0,D0[4],FPSO ALEXANDRE DE GUSMÃO
D0,D0[5],FPSO Almirante Barroso
D0,D0[6],FPSO Almirante Tamandaré
D0,D0[7],FPSO ANITA GARIBALDI
D0,D0[8],FPSO ANNA NERY
D0,D0[9],FPSO ATLANTA
D0,D0[10],FPSO Carioca (MV-30)
D0,D0[11],FPSO CIDADE DE ANCHIETA
D0,D0[12],FPSO CIDADE DE ANGRA DOS REIS
D0,D0[13],FPSO Cidade de Campos dos Goytacazes
D0,D0[14],FPSO CIDADE DE CARAGUATATUBA
D0,D0[15],FPSO CIDADE DE ILHA BELA
D0,D0[16],FPSO CIDADE DE ITAGUAÍ
D0,D0[17],FPSO CIDADE DE ITAJAÍ
D0,D0[18],FPSO CIDADE DE MANGARATIBA
D0,D0[19],FPSO CIDADE DE MARICÁ
D0,D0[20],FPSO CIDADE DE NITEROI
D0,D0[21],FPSO CIDADE DE PARATY
D0,D0[22],FPSO CIDADE DE SANTOS
D0,D0[23],FPSO CIDADE DE SÃO PAULO
D0,D0[24],FPSO CIDADE DE SAQUAREMA
D0,D0[25],FPSO ESPIRITO SANTO
D0,D0[26],FPSO FRADE
D0,D0[27],FPSO GUANABARA
D0,D0[28],FPSO Marechal  Duque de Caxias
D0,D0[29],FPSO MARIA QUITERIA
D0,D0[30],FPSO PIONEIRO DE LIBRA
D0,D0[31],FPSO SEPETIBA
D0,D0[32],FPSO_OSX3
D0,D0[33],Peregrino A
D0,D0[34],Peregrino B
D0,D0[35],PEREGRINO C
D0,D0[36],PEROA
D0,D0[37],PETROBRAS 08
D0,D0[38],PETROBRAS 25
D0,D0[39],PETROBRAS 31
D0,D0[40],PETROBRAS 40
D0,D0[41],PETROBRAS 43
D0,D0[42],PETROBRAS 48
D0,D0[43],PETROBRAS 50
D0,D0[44],PETROBRAS 51
D0,D0[45],PETROBRAS 52
D0,D0[46],PETROBRAS 53
D0,D0[47],PETROBRAS 54
D0,D0[48],PETROBRAS 55
D0,D0[49],PETROBRAS 56
D0,D0[50],PETROBRAS 57
D0,D0[51],PETROBRAS 58
D0,D0[52],PETROBRAS 61
D0,D0[53],PETROBRAS 62
D0,D0[54],PETROBRAS 63
D0,D0[55],Petrobras 66 (P-66)
D0,D0[56],Petrobras 67 (P-67)
D0,D0[57],Petrobras 68
D0,D0[58],Petrobras 69
D0,D0[59],Petrobras 70
D0,D0[60],PETROBRAS 71
D0,D0[61],Petrobras 74 (P-74)
D0,D0[62],Petrobras 75 (P-75)
D0,D0[63],Petrobras 76
D0,D0[64],Petrobras 77
D0,D0[65],PLATAFORMA DE CARAPEBA-I
D0,D0[66],PLATAFORMA DE CARAPEBA-II
D0,D0[67],PLATAFORMA DE CARAPEBA-III
D0,D0[68],PLATAFORMA DE ENCHOVA
D0,D0[69],PLATAFORMA DE GAROUPA
D0,D0[70],PLATAFORMA DE MANATI 1
D0,D0[71],Plataforma de Mexilhão
D0,D0[72],PLATAFORMA DE NAMORADO-2
D0,D0[73],PLATAFORMA DE PARGO-1A
D0,D0[74],PLATAFORMA DE VERMELHO-I
D0,D0[75],PLATAFORMA DE VERMELHO-II
D0,D0[76],PLATAFORMA DE VERMELHO-III
D0,D0[77],Polo Arara
D0,D0[78],Polvo A
D0,D0[79],Ponto de Coleta Área do IMT-03
D0,D0[80],Ponto de Coleta Área do LUC-04
D0,D0[81],Ponto de Coleta Área do LUC-05
D0,D0[82],Ponto de Coleta Área do LUC-09
D0,D0[83],Ponto de Coleta Área do LUC-12
D0,D0[84],Ponto de Coleta Área do LUC-43
D0,D0[85],Unidade de Tratamento de Gás de Cacimbas - UTGC
D0,D0[86],UTP Azulão
D0,D0[87],PLATAFORMA DE CHERNE-1
D0,D0[88],PLATAFORMA DE CHERNE-2
D0,D0[89],PLATAFORMA DE PAMPO-1
D0,D0[90],FPSO CIDADE DE VITÓRIA
ValueDicts,D1,
D1,D1[0],Eneva
D1,D1[1],Origem Alagoas
D1,D1[2],Petrobras
D1,D1[3],Enauta Energia
D1,D1[4],TotalEnergies EP
D1,D1[5],Karoon Brasil
D1,D1[6],Shell Brasil
D1,D1[7],Petro Rio Jaguar
D1,D1[8],Prio Bravo
D1,D1[9],Equinor Brasil
D1,D1[10],3R Petroleum Off
D1,D1[11],Trident Energy
D1,D1[12],Perenco Brasil
D1,D1[13],BW Maromba
ValueDicts,D2,
D2,D2[0],Estação / Pto de Coleta de Gás Nat.
D2,D2[1],Estação / Ponto de Coleta de Petróleo
D2,D2[2],FPSO
D2,D2[3],FIXA
D2,D2[4],SEMI SUBMERSÍVEL
D2,D2[5],FPU
D2,D2[6],TLWP
ValueDicts,D3,
D3,D3[0],MA
D3,D3[1],AL
D3,D3[2],AM
D3,D3[3],ES
ValueDicts,D4,
D4,D4[0],Santo Antônio dos Lopes
D4,D4[1],Pilar
D4,D4[2],Lima Campos
D4,D4[3],Bernardo do Mearim
D4,D4[4],Coari
D4,D4[5],Linhares
D4,D4[6],Silves
ValueDicts,D5,
D5,D5[0],"MERO(27/07/2025), AnC_MERO(27/07/2025)"
D5,D5[1],BÚZIOS(13/01/2023)
D5,D5[2],"BÚZIOS(01/07/2024), TAMBUATÁ(31/12/2024), BÚZIOS_ECO(31/12/2024)"
D5,D5[3],MARLIM(23/06/2023)
D5,D5[4],MARLIM(29/10/2022)
D5,D5[5],ATLANTA(29/10/2024)
D5,D5[6],SÉPIA(02/01/2021)
D5,D5[7],"JUBARTE(31/08/2012), BALEIA AZUL(31/08/2012), PIRAMBU(31/08/2012)"
D5,D5[8],TUPI(26/04/2009)
D5,D5[9],TARTARUGA VERDE(31/12/2017)
D5,D5[10],LAPA(30/08/2016)
D5,D5[11],SAPINHOÁ(10/11/2014)
D5,D5[12],TUPI(31/07/2015)
D5,D5[13],"BAÚNA(25/01/2013), PIRACABA(25/01/2013)"
D5,D5[14],TUPI(14/10/2014)
D5,D5[15],TUPI(28/01/2016)
D5,D5[16],MARLIM LESTE(12/01/2008)
D5,D5[17],TUPI(28/05/2013)
D5,D5[18],"URUGUÁ(14/07/2010), TAMBAÚ(13/11/2014)"
D5,D5[19],SAPINHOÁ(01/12/2012)
D5,D5[20],TUPI(31/05/2016)
D5,D5[21],"ABALONE(12/07/2009), OSTRA(26/01/2011), ARGONAUTA(26/01/2011)"
D5,D5[22],FRADE(07/06/2009)
D5,D5[23],MERO(13/05/2021)
D5,D5[24],MERO(28/07/2024)
D5,D5[25],JUBARTE(13/01/2025)
D5,D5[26],MERO(31/07/2017)
D5,D5[27],MERO(11/04/2023)
D5,D5[28],TUBARÃO MARTELO(03/11/2013)
D5,D5[29],PEREGRINO(22/03/2011)
D5,D5[30],"PEREGRINO(01/10/2021), PITANGOLA(01/10/2021)"
D5,D5[31],PEROÁ(27/01/2011)
D5,D5[32],MARIMBÁ(21/06/1993)
D5,D5[33],ALBACORA(27/09/1996)
D5,D5[34],ALBACORA(17/08/1998)
D5,D5[35],MARLIM SUL(16/12/2001)
D5,D5[36],BARRACUDA(21/12/2004)
D5,D5[37],"CARATINGA(28/02/2005), BARRACUDA(01/01/2005)"
D5,D5[38],ALBACORA LESTE(21/04/2006)
D5,D5[39],MARLIM SUL(24/01/2009)
D5,D5[40],RONCADOR(23/11/2007)
D5,D5[41],MARLIM LESTE(30/11/2008)
D5,D5[42],RONCADOR(12/12/2007)
D5,D5[43],RONCADOR(01/01/2014)
D5,D5[44],MARLIM SUL(01/08/2011)
D5,D5[45],JUBARTE(15/12/2010)
D5,D5[46],"BALEIA FRANCA(15/02/2014), JUBARTE(02/03/2014), BALEIA AZUL(17/03/2014)"
D5,D5[47],PAPA-TERRA(31/12/2013)
D5,D5[48],RONCADOR(30/04/2014)
D5,D5[49],PAPA-TERRA(16/11/2013)
D5,D5[50],TUPI(08/02/2016)
D5,D5[51],TUPI(25/03/2018)
D5,D5[52],BERBIGÃO(19/09/2018)
D5,D5[53],TUPI(15/06/2018)
D5,D5[54],ATAPU(21/07/2020)
D5,D5[55],ITAPU(30/11/2022)
D5,D5[56],BÚZIOS(01/12/2017)
D5,D5[57],BÚZIOS(06/09/2018)
D5,D5[58],BÚZIOS(20/11/2018)
D5,D5[59],BÚZIOS(16/02/2019)
D5,D5[60],CARAPEBA(31/12/1988)
D5,D5[61],CARAPEBA(12/01/1994)
D5,D5[62],"ENCHOVA(20/12/2010), ENCHOVA OESTE(20/12/2010)"
D5,D5[63],"GAROUPA(02/01/1979), GAROUPINHA(02/01/1979), VIOLA(02/01/1979)"
D5,D5[64],MANATI(14/01/2007)
D5,D5[65],MEXILHÃO(19/04/2011)
D5,D5[66],NAMORADO(01/09/1984)
D5,D5[67],PARGO(12/01/1988)
D5,D5[68],VERMELHO(05/01/1989)
D5,D5[69],VERMELHO(01/01/1989)
D5,D5[70],VERMELHO(06/01/1989)
D5,D5[71],POLVO(30/07/2007)
D5,D5[72],"CONGRO(19/08/1983), CORVINA(19/08/1983), MALHADO(19/08/1983), ANEQUIM(07/05/1984), BAGRE(07/05/1984), CHERNE(07/05/1984), PARATI(07/05/1984)"
D5,D5[73],CHERNE(13/12/1983)
D5,D5[74],PAMPO(01/01/1984)
D5,D5[75],GOLFINHO(15/11/2007)
ValueDicts,D6,
D6,D6[0],GAVIÃO REAL
D6,D6[1],
D6,D6[2],GAVIÃO BRANCO
D6,D6[3],GAVIÃO PRETO
D6,D6[4],CACIMBAS
D6,D6[5],AZULÃO
ValueDicts,D7,
ValueDicts,D8,
D8,D8[0],FPADG
D8,D8[1],FPBAR
D8,D8[2],FPTAM
D8,D8[3],FPAGA
D8,D8[4],FPANE
D8,D8[5],FPSOATLANTA
D8,D8[6],FPCRC
D8,D8[7],FCDA
D8,D8[8],FPCAR
D8,D8[9],FPCGZ
D8,D8[10],FPCCG
D8,D8[11],FPCIB
D8,D8[12],FPCIG
D8,D8[13],FPCI
D8,D8[14],FPCMB
D8,D8[15],FPCMC
D8,D8[16],FPNT
D8,D8[17],FPCP
D8,D8[18],FPCST
D8,D8[19],FPCSP
D8,D8[20],FPCSQ
D8,D8[21],FPSO ESP SANTO
D8,D8[22],FPSO FRADE
D8,D8[23],FPGNB
D8,D8[24],FPMDC
D8,D8[25],FPMQT
D8,D8[26],FPSOPL
D8,D8[27],FPSTB
D8,D8[28],OSX3
D8,D8[29],PEREGRINO A
D8,D8[30],PEREGRINO B
D8,D8[31],WHP-C
D8,D8[32],PPER
D8,D8[33],P-08
D8,D8[34],P-25
D8,D8[35],P-31
D8,D8[36],P-40
D8,D8[37],P-43
D8,D8[38],P-48
D8,D8[39],P-50
D8,D8[40],P-51
D8,D8[41],P-52
D8,D8[42],P-53
D8,D8[43],P-54
D8,D8[44],P-55
D8,D8[45],P-56
D8,D8[46],P-57
D8,D8[47],P-58
D8,D8[48],P-61
D8,D8[49],P-62
D8,D8[50],P-63
D8,D8[51],P-66
D8,D8[52],P-67
D8,D8[53],P-68
D8,D8[54],P-69
D8,D8[55],P-70
D8,D8[56],P-71
D8,D8[57],P-74
D8,D8[58],P-75
D8,D8[59],P-76
D8,D8[60],P-77
D8,D8[61],PCP-I
D8,D8[62],PCP-II
D8,D8[63],PCP-III
D8,D8[64],PCE-1
D8,D8[65],PGP-1
D8,D8[66],PMNT
D8,D8[67],PMXL-1
D8,D8[68],PNA-2
D8,D8[69],PPG-1A
D8,D8[70],PVM-1
D8,D8[71],PVM-2
D8,D8[72],PVM-3
D8,D8[73],POLVO A
D8,D8[74],PCH-I
D8,D8[75],PCH-II
D8,D8[76],PPM-1
D8,D8[77],CVIX
ValueDicts,D9,
D9,D9[0],ATIVO
